Initial molecule ; Modified molecule
Nc1ncccc1-c1nc2ccc(-c3cccc(C(=O)NC4CC4)c3)nc2n1-c1ccc(C2(N)CCC2)cc1 ; N#CCc1cc(=O)[nH]c(-c2nc3ccc(-c4cn(C(=O)OC5CC5)c(=O)cc4)nc3n2-c2ccc(C3(I)CCC3)cc2)n1
NC(=O)c1c(N)ncnc1N1CCC(c2nc(-c3cccc(F)c3)cn2CCN2CCCC2)CC1 ; NC(=O)c1c(N)ncnc1N1CCC(c2nc(-c3cc(OCCOCCF)ccc3)cn2NCN2CCCC2)CC1
Oc1cccc(Nc2nc3ccccc3n2-c2ncnc(Nc3ccccc3)n2)c1 ; OCc1ccnc(OCc2nc3ccccc3n2-c2cc(Nn3cccc3)n[nH]2)c1
CC(NC(=O)N1CCC(N)(c2ncnc3[nH]ccc23)CC1)c1ccc(Cl)cc1 ; CC(NC(=O)N1CCC(c2c(I)n3ccnc3cn2)CC1)c1ccc(Cl)cc1
Nc1nc2ccc(-c3cnc(Cl)c(NS(=O)(=O)c4ccc(F)cc4)c3)cc2s1 ; CCCSc1ncc(-c2ccc3nc(N)sc3c2)cc1NS(=O)(=O)c1ccc([18F])cc1
COc1ccc(S(=O)(=O)Nc2cc(-c3ccc4nccc(=O)n4c3)cnc2OC)cc1 ; [11CH3]Oc1ccc(S(=O)(=O)Nc2nc(-c3cn4c(=O)ccnc4cc3)ncc2O[11CH3])cc1
O=C(Cc1cc(=O)[nH]c(N2CCOCC2)n1)N1CCc2c1cccc2C(F)(F)F ; O=C(Cc1cc(=O)[nH]c(N2CCOCC2)n1)c1c2CCNc2cc(C(F)(F)F)c1
O=C(Cc1cc(=O)[nH]c(N2CCOCC2)n1)Nc1ccccc1OCCN1CCCCC1 ; COCCN(C)c1nc(C(=O)N[C@H](CN)Cc2ccccc2CCCNCN2CCNCC2)cc(=O)[nH]1
Cc1nc(C(=O)N[C@H]2CCCN2C(N)=O)sc1-c1ccc(-n2cccn2)cc1 ; NC(=O)N1CCC[C@@H]1NC(=O)c1nc(N)c(-c2ccc(-n3cncn3)nc2)s1
CCc1c(N)ncnc1N1CCC(c2nc(-c3cc(F)ccc3F)cn2CCN2CCOCC2)CC1 ; CCn1nc(N)nc1N1CCCC(c2nc(-c3cc(F)ccc3F)cn2CCN(C)CCOC)C1
COc1ccccc1C1CCCN1C(=O)c1ccc(O)cc1O ; CSc1cnccc1C1CCCN1C(=O)NCc1ccc(O)cc1O
CCC(CC)c1nc(-c2sc(C(=O)N[C@H]3CCCN3C(N)=O)nc2C)cs1 ; CCC(CC)c1cc(-c2c(CN)oc(C(=O)N[C@H]3CCCN3C(N)=O)c2)cs1
N#Cc1c(N)ncnc1N1CCC(c2nc(-c3cc(F)ccc3F)cn2CCN2CCC2)CC1 ; N#Cc1c(N)ncnc1N1CCC(c2nc(-c3nc(F)cn3F)cn2NCN2CCC2)CC1
CC(=O)Nc1cc(Nc2cnn3c(C#N)cc(NC4CCC4)nc23)ccc1C ; CC(=O)Nc1cc(Nn2c(NC3CCC3)nc3cc(C(=O)[C@@H](O)CO)cnc32)ncc1C
COc1ccc(Nc2nc3ccccn3c2-c2nc(C)nc(N)n2)cn1 ; COc1ccc(Nc2c(-c3nc(C)nc(I)n3)n3ccccc3n2)cn1
CCOc1cccc(NC(=O)Cc2nc(N3CCOCC3)cc(=O)[nH]2)c1 ; CCOc1cccc(NC(=O)Cc2nc(N(C)CCOC)cc(=O)[nH]2)c1
O=C(Cc1cc(=O)[nH]c(N2CCOCC2)n1)Nc1cccc(C(=O)O)c1 ; N=C(N)c1cc(NC(=O)Cc2cc(=O)[nH]c(N3CCOCC3)n2)cnc1
N#Cc1c(N)ncnc1N1CCC(c2nc(-c3cc(F)ccc3C(F)(F)F)cn2C2CCNCC2)CC1 ; C#Cc1c(C#N)cnn1N1CCC(c2cc(-c3nc(F)ncc3C(F)(F)F)nn2C2CCNCC2)CC1
CCc1c(N)ncnc1N1CCC(c2nc(-c3cc(OC)ccc3C(N)=O)cn2CCN2CCC2)CC1 ; CCCNCCn1cc(-c2nc(O[11CH3])cn2C(N)=O)nc1C1CCN(c2ncnc(N)c2CC)CC1
CC(=O)Nc1ccc2c(c1)c(-c1cnn3c(C#N)cc(NC4CC4)nc13)cn2C ; CC(=O)Nc1ccc2c(c1)c(-c1c3nc(NC4CC4)cc(C#N)n3nc1)cn2C
CCOc1c(N)ncnc1N1CCC(c2nc(-c3cc(F)ccc3C)cn2CC2CNC2)CC1 ; CNCCOc1ccc(-c2nc(F)cn2CC(=O)O)cc1C1CCN(c2nc(CC#N)nn2CO)CC1
Cn1c(NC(=O)Cc2cccc3sccc23)nc(N2CCOCC2)cc1=O ; O=C(O)C[C@@H]1[C@H](CC(=O)Cc2cccc3c2ccs3)c2ccccc2N1N1CCOCC1
Nc1ncnc(C2CCN(n3cc(CCN4CCC4)nc3-c3cc(C(F)(F)F)ccc3F)CC2)c1C1CCC1 ; CCCNCCc1cc(-c2cc(C(F)(F)F)ccc2F)ccc1N1CCC[C@H](c2c(C3CCC3)cccc2C(=O)O)C1
Cc1nc(N)nc(-n2c(Nc3cn[nH]c3)nc3ccccc32)n1 ; Cc1ccc(-n2c(CCNc3c[nH]nc3)nc3ccccc32)cc1C(=O)O
Cc1nc(C(=O)N[C@H]2CCCN2C(N)=O)sc1-c1ccnc(C2(C)CC2)n1 ; CC(=O)N1CCC[C@@H]1N1C(=O)C=C(c2nc(C)c(-c3ccnc(C4(C)CC4)n3)s2)C1=O
O=C(Cc1cc(=O)[nH]c(N2CCOCC2)n1)Nc1ccc(F)c(C(=O)O)c1 ; COCCN(C)c1nc(C(=O)N[C@H](CN)Cc2ccc(F)c(C(=N)N)c2)cc(=O)[nH]1
CC1Cc2ccccc2N1C(=O)Cc1nc(N2CCOCC2)sc1C(N)=O ; CCOCCc1ncc(NC(=O)NN2c3ccccc3CC2C)c(C(N)=O)c1
O=c1cc(N2CCOCC2)nc(Cc2nc3cc(F)ccc3[nH]2)[nH]1 ; O=c1cc(N2CCOCC2)nc(CSc2nc3cc(F)ccc3[nH]2)[nH]1
CC(=O)Nc1ccc(-c2cncc(OC[C@@H](N)Cc3c[nH]c4ccccc34)c2)cc1 ; CC(=O)Nc1cn(-c2cncc(OC[C@@H](N)Cc3c[nH]c4ccccc34)c2)c(=O)[nH]c1=O
Cn1nc(-c2nc(N)cnc2-c2ccc(C(N)=O)cc2)nc1C1(c2ccccc2)CC1 ; N#Cn1nc(-c2nc(N)cnc2-c2ccc(CC(N)=O)cc2)nc1C1(c2ccccc2)CC1
COc1ccccc1C1CCCN1C(=O)c1ccc(O)cc1O ; CSc1ccccc1C1CCCCN1C(=O)c1ccc(Cl)cc1O
Nc1cc(C(F)(F)F)c(-c2cc(C3(S(=O)(=O)c4ccccc4F)CC3)nc(N3CCOCC3)n2)cn1 ; N#CCc1cc(C(F)(F)F)c(-c2cc(C3(C(O)(F)c4nn5ccccc5c4)CC3)nc(N3CCOCC3)n2)cn1
C[C@H]1COCCN1c1nc(-c2cc(C(F)(F)F)ncc2N)cc(C2(S(C)(=O)=O)CCCC2)n1 ; CS(=O)(=O)C1(c2nc(N3CCOC[C@@H]3C#N)nc(-c3cc(OC(F)(F)C(F)F)ncc3N)c2)CCCCC1
COc1ccc(NC(=O)Nc2ccc(-c3nc(CS(C)(=O)=O)cc(N4CCOC[C@H]4C)n3)cc2)cc1 ; CCCN(c1ccc[nH]1)S(=O)(=O)c1nc([C@]2(C)CCCN2)nc(NC(=O)Nc2ccc(C=O)cc2)n1
C[C@H](O)C(=O)N1CCC(CCn2c(Sc3cc4c(cc3Br)OCO4)nc3c(N)ncnc32)CC1 ; C[C@H](O)C(=O)N1CCCC(CCn2cnc3c(SSc4cc5c(cc4OCCCOCCF)OCO5)nc(N)nc32)C1
COc1ccc2[nH]c(Cc3nc(N4CCOCC4)cc(=O)[nH]3)nc2c1 ; O=c1cc(N2CCOCC2)nc(Cc2nc3cc(C4COC4)ccc3[nH]2)[nH]1
Nc1ncnc(C2CCN(n3cc(CCN4CCCC4)nc3-c3cc(F)ccc3F)CC2)c1Cl ; CNc1c(C2CCN(n3cc(CCN4CCCC4)nc3-c3cc(F)ccc3F)CC2)ncnc1N
Cc1n[nH]c2cnc(-c3cncc(OC[C@@H](N)Cc4ccc(Br)cc4)c3)cc12 ; Cc1n[nH]c2cnc(-c3cncc(OC[C@@H](N)Cc4ccc(CF)nc4)c3)cc12
CC(C)NC[C@H](Cc1ccc(Cl)cc1)C(=O)N1CCN(c2ncnc3c2[C@@H](C)OC3)CC1 ; CNc1ccc(C2=NO[C@H](N3CCN(c4ncnc5c4[C@@H](CN)OC5)CC3)C2)cc1
CCNC(=O)Nc1ccc(-c2nc(CS(C)(=O)=O)cc(N3CCOC[C@H]3C)n2)cc1 ; C[C@@]1(c2nc(-c3ccc(N4CCNC4=O)cc3)nc(CS(C)(=O)=O)n2)CCCN1
CC(=O)Nc1nc2ccc(-c3cnc(Cl)c(NS(=O)(=O)c4ccc(F)cc4)c3)cc2s1 ; CCCSc1ncc(-c2ccc3nc(NC(C)=O)sc3c2)cc1N(C(C)C)S(=O)(=O)c1ccc(F)cc1
COc1ccc(S(=O)(=O)Nc2cccc(-c3ccc4nc(NC(C)=O)sc4c3)c2)cc1 ; COc1ccc(C(=O)NC(CNS(C)(=O)=O)c2cccc(-c3ccc4nc(NC(C)=O)sc4c3)c2)cc1
COc1cc(-c2nc3ccc(NC(C)=O)cc3s2)cnc1N ; CC(=O)Nc1ccc2nc(-c3ncc(I)c(C4COC4)n3)sc2c1
CC(=O)Nc1ccc2ccn(-c3cc(NCCCCO)n4ncc(C#N)c4n3)c2c1 ; CC(=O)Nc1ccc2ccn(-c3nc4c(C#N)cnn4c(NCCCCO)c3)c2c1
NCC(NC(=O)c1sc(Br)cc1-c1ccnc2[nH]ccc12)c1ccccc1 ; NCC(NC(=O)n1nc(Br)nc1-c1cccc2nccn12)c1ccccc1
CC(=O)Nc1ccc2ccn(-c3cc(NCCCCO)n4ncc(C#N)c4n3)c2c1 ; CC(=O)Nc1ccc2ccn(-c3nc4c(C#N)cnn4c(NCCCCO)c3)c2c1
CCc1cc(-c2cnc3[nH]cc(-c4ccco4)c3c2)nc(N)n1 ; CCCCCCOc1cc(-c2c[nH]c3c2ccnc3-c2ccco2)nc(N)n1
COc1ccc(-c2nc(CCN3CCC3)cn2N2CCC(c3c(N)ncnc3C#N)CC2)cc1Cl ; N#Cc1c(C2CCCN(n3cc(CCN4CCC4)nc3-c3ccc(C4COC4)c(Cl)c3)C2)c(N)ncn1
COC(=O)c1ccc(-c2c(N)ncnc2N2CCC(c3nc(-c4cc(F)ccc4C(F)(F)F)cn3CCN3CCCC3)CC2)cc1 ; CCN(CC)CCc1ccc(-c2cc([18F])ccc2OC(F)(F)C(F)F)cc1C1CCN(c2ncnc(N)c2-c2ccc(C(=O)OC)cc2)CC1
NC[C@H](Cc1ccc(C(F)(F)F)cc1)NC(=O)c1cc(Br)c(-c2ccnc3[nH]ccc23)s1 ; COC(Cc1ccc(CC(F)(F)F)cc1)c1cc(Br)c(-c2ccnc3c2cc[nH]3)s1
Cc1nc(N)nc(-c2c(Nc3cccc4[nH]ncc34)nc3ccccn23)n1 ; Cc1nc(N)nc(-c2ncc3cnccc3c2CCNc2ccc3cn[nH]c3c2)n1
O=C(CSc1nnc(OCc2ccc3c(c2)CCCC3)o1)Nc1ncc([N+](=O)[O-])s1 ; O=[N+]([O-])c1cnc(OCC(O)Cc2nnc(NCCNCc3ccc4CCCCc4c3)o2)s1
NC(=O)c1c(N)ncnc1N1CCC(c2nc(-c3cc(F)ccc3F)cn2CCN2CCC2)CC1 ; Nc1c(N2CCOC2=O)c(N2CCCC(c3nc(-c4nc(F)cn4OCCOCCF)cn3CCN3CCC3)C2)ncn1
C#Cc1cccc(NC(=O)Cc2nc(N3CCOCC3)cc(=O)[nH]2)c1 ; C#Cc1cccc(NC(=O)CCCCc2nc(N3CCOCC3)cc(=O)[nH]2)c1
Cc1cc(CC(=O)Nc2cc(=O)[nH]c(N3CCOCC3)n2)ccc1F ; NCc1cc(CC(=O)Nc2cc(=O)[nH]c(N3CCOCC3)n2)ccc1F
CC(C)(C)NS(=O)(=O)c1cncc(-c2ccc3nc(N)nn3c2)c1 ; CC(C)(C)NS(=O)(=O)c1cncc(-c2cn3nc(N)nc3cc2)c1
CN(C)C1CCN(Cc2cc3nc(-c4ccc5[nH]ccc5c4F)nc(N4CCOCC4)c3s2)CC1 ; CCCNc1c(-c2nc(N(C)CCOC)c3sc(CN4C[C@H]5C[C@]5(N(C)C)C4)cc3n2)ccc2c1cc[nH]2
Cc1ccc(-c2nc(CCN3CCC3)cn2N2CCC(c3c(N)ncnc3C(N)=O)CC2)cc1Cl ; Cc1ncc(-c2nc(COC[18F])cn2N2CCC(c3c(C(N)=O)ncnc3N)CC2)cc1Cl
CN(C)CC1CN(C(=O)Cc2nc(N3CCOCC3)cc(=O)[nH]2)c2ccccc21 ; COCCN(C)c1cc(=O)[nH]c([C@H](O)N2CC(CN(C)C)c3ccccc32)n1
O=c1cnc(-c2ccc(CC3CCN(n4c(=O)[nH]c5ccccc54)CC3)cc2)c(-c2ccccc2)[nH]1 ; O=c1[nH]c2ccccc2n1N1CC=C(CCNc2ccc(-c3c[nH]c(-c4ccccc4)n3)cc2)CC1
CC(=O)Nc1ccc2ccn(-c3cc(NCCCN(C)C)n4ncc(C#N)c4n3)c2c1 ; CC(=O)Nc1ccc2ccn(-c3ncc4nc(CCBr)n(C#N)c4n3)c2c1
CCNC(=O)Nc1ccc(-c2nc([C@@H]3COCCN3C)c3c(cnn3C)n2)cc1 ; CCNC(=O)Nc1ccc(-c2nc(C3CCCN3C)c3c(n2)cnn3C)cc1
Cc1ccccc1[C@H]1CCCN1C(=O)c1ccc(O)cc1O ; Cc1ccccc1[C@H]1CCCN1C(=O)c1ncc(Cl)cc1S
COC(=O)c1cc(F)ccc1NC(=O)Cc1nc(N2CCOCC2)cc(=O)[nH]1 ; CCC(=O)c1cc(OCCOCCF)ccc1NC(=O)Cc1nc(N2CCOCC2)cc(=O)[nH]1
C[C@@H](Nc1c(N)ncnc1C#N)c1nn2ccnc2c(=O)n1-c1ccccc1 ; C[C@@H](Nc1c(C(=O)[C@@H](O)CO)ncnc1N)c1nn2ccnc2c(=O)n1-n1cccc1
CS(=O)(=O)Cc1cc(N2CCOCC2)nc(-c2ccc(NC(=O)Nc3ccc(F)cc3)cc2)n1 ; COCCN(C)c1nc(-c2cn(C(=O)Nc3ccc(F)cc3)c(=O)[nH]c2=O)nc(OS(C)(=O)=O)c1
CNC(=O)[C@@H]1CCCN1C(=O)Nc1nc(C)c(-c2ccnc(C(C)(C)C)c2)s1 ; Cc1cc(NC(=O)N2CCC[C@H]2N2CCNC2=O)nn1-c1ccnc(C(C)(C)C)c1
CC(=O)Nc1ccc2ccn(-c3cc(CCNN4CCOCC4)n4ncc(C#N)c4n3)c2c1 ; CC(=O)Nc1ccc2ccn(-c3ncc4nc(CCNN5CCOCC5)n([11C]#N)c4n3)c2c1
O=C(Nc1cccc(-c2nc(CNc3ccncc3)cn3ccnc23)c1)Nc1cccc(C(F)(F)F)c1 ; O=C(Nc1cncc(CC(F)(F)F)c1)Nc1cc(-c2nc(CNc3ccncc3)cn3ccnc23)ccc1
CNc1ncnc(C2CCN(n3cc(CCN4CCC4)nc3-c3cc(C(F)(F)F)ccn3)CC2)c1Cl ; CNc1c(C2CCN(c3ccc(-c4cc(C(F)(F)F)ccn4)cc3CCN3CCC3)CC2)c(NC)ccc1
CCn1c(Cc2nc(N3CCOCC3)cc(=O)[nH]2)nc2ccccc21 ; CCc1nc(Cn2c(=O)[nH]c3ccccc32)c(N2CCOCC2)c(=O)[nH]1
C[C@H]1COCCN1c1cc(CS(C)(=O)=O)nc(-c2ccc(NC(=O)NCCO)cc2)n1 ; C[C@H]1COCCN1c1cc(CS(C)(=O)=O)nc(-c2ccc(NC(=O)NCCO)nc2)n1
NCC(C(=O)Nc1sc(Br)cc1-c1ccnc2[nH]ccc12)c1ccccc1 ; NCC(C(=O)Nn1nc(Br)nc1-c1cccc2nccn12)c1ccccc1
CC(=O)Nc1ccc2c(c1)c(-c1cnn3c(C#N)cc(NC4CC4)nc13)cn2CCCO ; CC(=O)Nc1ccc2c(c1)c(-c1nc3c(CCC#N)nc(NC(C)C)nc3s1)cn2CCCF
O=c1[nH]c2ncc(-c3ccc4[nH]ccc4c3)nc2n1CC1CCOCC1 ; O=c1[nH]c2ncc(-n3ccc4ccccc43)nc2n1OC1COOC1
CCNC(=O)Nc1ccc(-c2nc(N3C[C@@H]4C[C@H]3CO4)c3c(cnn3C)n2)cc1 ; CCNC(=O)Nc1ccc(-c2nc(N3CC4(COC4)C3)c3c(n2)cnn3C)cc1
CN(C)C(=O)C1CCN(c2cccc(-c3ccc4nc(-c5ncccc5N)n(-c5ccc(C6(N)CCC6)cc5)c4n3)c2)CC1 ; CC(C)C(=O)NC1CCN(c2cncc(-c3ccc4nc(-c5ncccc5I)n(-c5ncc(C6(I)CCC6)cn5)c4n3)c2)CC1
C[C@H]1COCCN1c1cc(C2(S(=O)(=O)C3CC3)CC2)nc(-c2ccc(NC(=S)NCCO)cc2)n1 ; COCCN(C)S(=O)(=O)N[C@]1(C2CC2)C[C@H](c2nc(-c3ccc(NC(=S)NCCO)cc3)nc(C3=N[C@@H](C)CS3)c2)C1
CCOC=Cc1c(N)ncnc1N1CCC(c2nc(-c3cc(F)ccc3C(F)(F)F)cn2CCN(C)C)CC1 ; C=C(C)c1c(N)n(N2CCC(c3nc(-c4cc(F)ccc4C(F)(F)F)cn3CCN(C)C)CC2)nc1
CC(=O)Nc1nc(C)c(-c2cnc(Sc3cccnc3)o2)s1 ; CNC(=O)Nc1nc(CC(=O)O)c(-c2cnc(Sc3cccnc3)o2)s1
COc1cc(C2CCN(N3CCN(C)CC3)CC2)ccc1Nc1ncc(Cl)c(Nc2ccccc2S(=O)(=O)C(C)C)n1 ; COc1cc([C@H]2CCCN([C@H]3CC[C@H](C)CC3)C2)ccc1CNc1ncc(Cl)c(SCCCc2ccccc2S(=O)(=O)C(C)C)n1
Cc1nc(N)nc(-n2c(Nc3ccn(C)n3)nc3ccccc32)n1 ; Cn1ccc(CCCSc2nc3ccccc3n2-c2nc(N)nc(I)n2)n1
O=c1cc(N2CCOCC2)nc(Cc2nc3c(Br)cccc3o2)[nH]1 ; O=c1cc(N2CCOCC2)nc(Cc2ncc(Br)c3c2cco3)[nH]1
Nc1ncnc(C2CCN(n3cc(CCN4CCCC4)nc3-c3ccc(Cl)cc3)CC2)c1C1CCC1 ; Nc1ncnc(C2CCN(n3cc(CCN4CCCC4)nc3-c3ccc(Cl)cn3)CC2)c1C1CCC1
CC(=O)Nc1ccc(-c2cncc(OC[C@@H](N)Cc3c[nH]c4ccccc34)c2)cc1 ; CCC(=O)Nc1ccc(-c2cncc(OC[C@@H](N)Cc3c[nH]c4ccccc34)c2)cc1
Nc1ncccc1-c1nc2ccc(-c3cccc(C4CCN(C(=O)N5CCOCC5)CC4)c3)nc2n1-c1ccc(C2(N)CCC2)cc1 ; CCOCCC(=O)N1C[C@H]2C[C@@]2(c2cccc(-c3ccc4nc(-c5c(C(=O)O)ocn5)n(-c5ccc(C6(I)CCC6)cc5)c4n3)c2)C1
Nc1ncc(-c2cn3cc(NC(=O)[C@H]4CC[C@@H](O)CC4)nc3c(N3CCOCC3)n2)cn1 ; COCCN(C)c1nc(-c2cnc(C)nc2)cn2cc(NC(=O)C3CCC(OCC(F)F)CC3)nc12
N#Cc1c(N)ncnc1N1CCC(c2nc(-c3cc[nH]c(=O)c3)cn2CCN2CCC2)CC1 ; N#Cc1c(N)ncnc1N1CCC(c2nc(-c3cc(=O)[nH]cc3)cn2CCN2CCC2)CC1
Cc1n[nH]c2cnc(-c3cncc(OC[C@@H](N)Cc4cccc(OCC5CCNCC5)c4)c3)cc12 ; NC#CCN(c1cccc(OCC2CCNCC2)c1)c1cc(-c2nn3ccnc3cc2)cnc1
CCN(CC)CC1CN(C(=O)Cc2nc(N3CCOCC3)cc(=O)[nH]2)c2ccccc21 ; CN(C)Cc1nc(CC(=O)N2Cc3ccccc3C2=O)c(N2CCOCC2)c(=O)[nH]1
CC1Cc2c(Cl)cccc2N1C(=O)Cc1nc(N2CCOCC2)sc1C(=O)O ; CNc1c2CC(C)N(C(=O)Cc3c(C(=O)O)sc(N4CCOCC4)n3)c2ccc1
CCNC(=O)Nc1ccc(-c2nc(CS(C)(=O)=O)cc(N3CCOCC3)n2)cc1 ; CCOCCC(=O)Nc1ccc(-c2nc(CS(C)(=O)=O)cc(N3CCOCC3)n2)cc1
Nc1ncnc(C2CCN(n3cc(NCCC4CC4)nc3-c3cc(C(F)(F)F)ccn3)CC2)c1Cl ; N#CCc1ncnc(C2CCN(c3ccc(-c4cc(OC(F)(F)F)ccn4)cc3COCC3CC3)CC2)c1Cl
NC(=O)c1ccn2c(-c3ccccc3)c(-c3ccc(C4(N)CCC4)cc3)nc2c1 ; NC(=O)c1cc2nc(-c3ncc(C4(I)CCC4)cn3)c(-c3ccccc3)n2cc1
NC1(C(CCO)NC(=O)c2ccc(Cl)cc2)CCN(c2ncnc3[nH]ccc23)CC1 ; Clc1ccc(C2=NC[C@H](C3(I)CCN(c4ncnc5c4cc[nH]5)CC3)CCN2)cc1
Cc1cc(C(CN)NC(=O)c2ccccc2)sc1-c1ccnc2[nH]ccc12 ; Cc1c(-c2ccnc3c2cc[nH]3)sc(C(CN)NC(=O)c2cnccn2)c1
CN(C)CC(=O)N1CCC(n2ccc(-c3cnc(N)c(-n4nnc5ccccc54)n3)n2)CC1 ; CN(C)CC(=O)N1CC=C(n2ccc(-c3cn(N)c(-n4nnc5ccccc54)n3)n2)CC1
C[C@H]1COCCN1c1cc(C2(S(C)(=O)=O)CCCC2)nc(-c2ccc(NC(=O)NC3CC3)cc2)n1 ; CC(C)NC(=O)Nc1ccc(-c2nc(N3CCOC[C@@H]3C#N)cc(C3(OS(C)(=O)=O)CCCC3)n2)cc1
Cc1c(Cc2cc(=O)n3ccn(N4CCOCC4)c3n2)cccc1C(F)(F)F ; Cc1cc(CC(F)(F)F)ccc1Cc1c(C2CCCC2)c2ncnn2cc1
Nc1cc(N2CCC(c3nc(-c4cc(F)ccc4F)cn3CCN3CCCC3)CC2)ncn1 ; N#CCc1cc(N2CCCC(c3nc(-c4cc(F)ccc4OCCOCCF)cn3NCN3CCCC3)C2)ncn1
N[C@H](COc1cncc(-c2ccncc2)c1)Cc1c[nH]c2ccccc12 ; C[C@H](CCc1cc(-c2ccncc2)cnc1)Cc1cccc2c1[nH]cc2
C[C@H]1Cc2ccccc2N1C(=O)Cc1nc(N2CCOCC2)cc(=S)n1C ; CC1CCc2ccc(C(=O)Cc3nc(N4CCOCC4)cc(=S)n3CN)cc2O1
CCC(C)(C)NCCn1cc(-c2cc(F)ccc2C(F)(F)F)nc1C1CCN(c2ncnc(N)c2C(N)=O)CC1 ; CCC(=CNC)n1cc(-c2ccc(C(F)(F)F)cc2)nc1C1CCN(c2ncnc(N)c2CC(N)=O)CC1
O=C(Cc1cc(=O)[nH]c(N2CCOCC2)n1)Nc1ccccc1O ; O=C(Cc1cc(=O)[nH]c(C2CCCC2)n1)Nc1ccccc1S
Cn1c(Cc2cc(=O)[nH]c(N3CCOCC3)n2)nc2c(-c3ccccc3)cccc21 ; NCc1cc2nc(N3CCOCC3)nc(Cn3c(-c4ccccc4)nc4ccccc43)c2s1
N[C@H](COc1cncc(C=Cc2cc(CNc3ccccc3)ccn2)c1)Cc1c[nH]c2ccccc12 ; N[C@H](COc1cc(C=Cc2cc(CNc3ccccc3)ccn2)cnc1)Cc1cccc2c1[nH]cc2
NC1(c2ccc(-n3c(-c4ccccc4)nc4ccc(-c5ccccc5)nc43)cc2)CCC1 ; CCN(C(=O)I)c1cn(-n2c(-c3ccccc3)nc3ccc(-c4ccccc4)nc32)c(=O)[nH]c1=O
COc1cnc(Nc2cc(Cl)cnc2S(=O)(=O)NN2CCOCC2)c(-c2nc(C)nc(N)n2)c1 ; CCOCCNS(=O)(=O)Cc1ncc(Cl)nc1Nc1ncc(OC)cc1-c1nn(I)c(C)c1
N#Cc1c(N)ncnc1N1CCC(c2nc(-c3cc(F)ccc3C(F)(F)F)cn2CCN2CCC2)CC1 ; CCCNCNn1cc(-c2cc(F)ccc2C(F)(F)F)nc1C1CCCN(c2ncnc(N)c2C#N)C1
CN(C)CCC(NC(=O)N1CCC(N)(c2ncnc3[nH]ccc23)CC1)c1ccc(Cl)cc1 ; CNc1ccc(N(C)CCCCNC(=O)N2CCC(I)(c3ncnc4c3cc[nH]4)CC2)cn1
N[C@H](COc1cncc(C2C(=O)Nc3ccc(-c4ccc[nH]4)cc32)c1)Cc1c[nH]c2ccccc12 ; N[C@H](COc1cc(C2C(=O)Nc3ccc(-c4ccc[nH]4)cc32)cnc1)Cc1cccc2c1[nH]cc2
CS(=O)(=O)Cc1cc(N2CC3CCC(C2)O3)nc(-c2ccc3[nH]ccc3c2)n1 ; CS(=O)(=O)Cc1nn(-c2ccc3[nH]ccc3c2)c(N2CC3CCC(C2)O3)n1
CCc1c(N)ncnc1N1CCC(c2nc(-c3cc(C(F)(F)F)ccc3F)cn2CCN2CCC(F)(F)CC2)CC1 ; CCC(=C(CCCCCCCc1ncnc(I)c1CC)CCn1cc(-c2ccc(F)cc2)nc1C(F)(F)F)C1(F)CCNCC1
CCOc1ccccc1C(=O)Nc1ccccc1C(=O)O ; CCOc1ccccc1NC(=O)Nc1cccnc1C(=O)O
Nc1cc(C(F)F)c(-c2nc(N3C[C@H]4C[C@@H]3CO4)nc(N3C[C@H]4C[C@@H]3CO4)n2)cn1 ; NC[C@H](O)c1nn(-c2nn(N3C[C@H]4C[C@@H]3CO4)c(N3C[C@H]4C[C@@H]3CO4)c2)c(N)n1
Cc1cccc([C@@H]2CN(c3ccc(C(N)=O)c4cncnc34)C[C@@H]2CO)c1 ; Cc1cccc([C@@H]2CN(c3c(C(N)=O)c4c(cc3)[nH]cc4)C[C@@H]2CO)c1
COc1cccc2c1CCN2C(=O)Cc1nc(N2CCOCC2)cc(=O)[nH]1 ; O=C(Cc1nc(N2CCOCC2)cc(=O)[nH]1)N1CCc2c1cccc2C1COC1
Cn1c(NC(=O)Cc2cccc3sccc23)nc(N2CCOCC2)cc1=O ; COCCN(C)c1cc(=O)n(C)c(CC(=O)Cc2cccc3c2ccs3)n1
CCC(=O)N1CC[C@@H](Oc2ncnc3c2CN(c2ccc(OC)nc2)CC3)C1 ; COC(=O)N1CC[C@@H](Nc2ncnc3c2CN(c2ccc(O[11CH3])cc2)CC3)C1
COc1ncc(Nc2cc(-c3nc(C)nc(N)n3)cnc2[C@@H](C)[C@H]2CN(C)CCN2S(C)(=O)=O)cc1F ; COc1ncc(Nc2cc(-c3nc(C)nc(N)n3)cnc2[C@@H](C)[C@H]2CN(C)CCN2OS(C)(=O)=O)cc1F
CC[C@@H]1CO[C@@H](NC(=O)c2ccccc2)CN1c1cc(-c2n[nH]c3cc(N)ccc23)nc(NC)n1 ; CNn1nc(N2C[C@H](NC(=O)n3cccn3)OC[C@H]2N(C)C)nc1-c1noc2ccc(N)cc12
Nc1ccc(-c2nc(N3CCOCC3)nc(N3CCOCC3)n2)cc1 ; CCOCCc1nc(N(C)CCOC)nc(-c2ccc(C(=O)O)cc2)n1
COc1cc(CC(=O)Nn2c(N3CCOCC3)nc(C)cc2=O)ccc1F ; COc1cc(CCCCC(=O)Nn2c(N3CCOCC3)nc(C)cc2=O)ccc1F
CS(=O)(=O)Cc1cc(N2CCOCC2)nc(-c2cccc3[nH]ccc23)n1 ; CCCNS(=O)(=O)c1cc(N2CCOCC2)nc(-c2cccc3c2cc[nH]3)n1
CC(=O)Nc1ccc2ccn(-c3cc(CCNN4CCCC4)n4ncc(C#N)c4n3)c2c1 ; CCCN(CCC)NCCc1cc(-n2ccc3ccc(NC(C)=O)cc32)nc2c([11C]#N)cnn12
NC1(C(CCS(N)(=O)=O)NC(=O)c2ccc(Cl)cc2)CCN(c2ncnc3[nH]ccc23)CC1 ; CCCSc1ccc(C(=O)NC(CCS(N)(=O)=O)C2(I)CCN(c3nc4ccc[nH]c-4n3)CC2)cc1
NCC(NC(=O)c1csc(-c2ccnc3[nH]ccc23)c1)c1ccccc1 ; NCC(NC(=O)c1csc(-c2ccnc3c2cc[nH]3)c1)c1ccccc1
COCCCNC(=O)c1cn2cc(-c3ncc(N)cn3)nc(N3CCOCC3)c2n1 ; N#CCc1ccc(-c2cn3cc(CC(F)CCNC=O)nc(N4CCOCC4)c3n2)nn1
Cn1nc(-c2nc(N)cnc2-c2cc(C(N)=O)ccc2F)nc1C1(c2ccccc2)CC1 ; C#CCn1nc(-c2nc(N)cnc2-c2cc(C(C)=O)ccc2F)nc1C1(c2ccccc2)CC1
CC1Cc2c(Cl)cccc2N1C(=O)Cc1nc(N2CCOCC2)sc1C(=O)O ; CC1Cc2c(Cl)cccc2N1C(=O)Cc1cnc(N2CCOCC2)cc1C(=O)O
CN1CCN(c2cccc3c2CCN3C(=O)Cc2nc(N3CCOCC3)cc(=O)[nH]2)CC1 ; CN1CCN(c2cccc3c2CCN3[C@@H](O)c2nc(N3CCOCC3)cc(=O)[nH]2)CC1
Nc1ncnc(C2CCN(n3cc(CCN4CCCC4)nc3-c3cc(O)ccc3C(F)(F)F)CC2)c1Cl ; CNc1c(C2CCN(n3cc(CCN4CCCC4)nc3-c3cc([C@@H](C)CO)ccc3C(F)(F)F)CC2)ncnc1N
NC(=O)C1Cc2ccccc2N1C(=O)Cc1nc(N2CCOCC2)cc(=O)[nH]1 ; COCCN(C)c1cc(=O)[nH]c(CC(=O)c2ccc3c(c2)CCC3N2CCOC2=O)n1
CN(C)CCn1cc(-c2cc(F)ccc2C(F)(F)F)nc1C1CCN(c2ncnc(N)c2C=CC2CC2)CC1 ; CN(C)CCn1cc(-c2cc(F)ccc2OC(F)(F)F)nc1C1CCN(c2ncnc(N)c2N=CC2CC2)CC1
Cc1nc(N)nc(-n2c(Nc3ccc4cn[nH]c4c3)nc3ccccc32)n1 ; NCc1nc(C(=O)O)nc(-n2c(CCNc3ccc4cn[nH]c4c3)nc3ccccc32)n1
NC(=O)c1c(N)ncnc1N1CCC(c2nc(-c3cc(F)ccc3C(F)(F)F)cn2CCNC2CCCC2)CC1 ; NC(=O)n1nc(N)nc1N1CCC(c2nc(-c3cc([18F])ccc3C(F)(F)F)cn2CCNC2CCCC2)CC1
Nc1cc(CF)c(-c2nc(N3CCOCC3)nc(N3CCOCC3)n2)cn1 ; CCOC=Cc1c(-c2nn(N(C)CCOC)c(N3CCOCC3)c2)cnc(N)c1
Cc1n[nH]c2cnc(-c3cncc(OC[C@@H](N)Cc4ccc(C(F)(F)F)cc4)c3)cc12 ; Cc1n[nH]c2cnc(-c3cncc(OC[C@@H](N)Cc4ccc(C(F)(F)F)nc4)c3)cc12
Nc1cc(C(F)(F)F)c(-c2nc(N3CCOCC3)nc(N3CCOCC3)n2)cn1 ; FC(F)C(F)(F)Oc1c(-c2nn(N3CCOCC3)c(N3CCOCC3)c2)cnc(I)c1
CC(=O)Nc1nc(C)c(-c2nc(CC(C)(C)C(C)O)no2)s1 ; C#CCc1c(-c2nc(CC(C)(C)C(C)O)no2)sc(NC(C)=O)n1
CCc1c(N)ncnc1N1CCC(c2nc(-c3cc(C(C)C)ccn3)cn2CCN2CCC2)CC1 ; CCCNCCn1cc(-c2cc(C(C)C)ccn2)nc1[C@@]12C[C@@H]1CN(n1ncc(CC)c1N)C2
CC1Cc2cc(F)ccc2N1C(=O)Cc1nc(N2CCOCC2)cc(=O)n1C ; CC1Cc2cc(F)ccc2N1NC(=O)Nc1nc(N2CCOCC2)cc(=O)n1CN
O=C(Cc1c(F)nc(N2CCOCC2)[nH]c1=O)N1c2ccccc2CC1CO ; COCCN(C)c1nc(F)c([C@]2(N3c4ccccc4CC3CO)OCCO2)c(=O)[nH]1
CC(=O)OC(C)(C)C(=O)Nc1cccc(-c2ccc3nc(-c4ncccc4N)n(-c4ccc(C5(N)CCC5)cc4)c3n2)c1 ; CC(=O)OC(C)(C)C(=O)Nc1cncc(-c2ccc3nc(-c4ncccc4N)n(-c4ncc(C5(I)CCC5)cn4)c3n2)c1
CC(=O)Nc1nc2ccc(-c3ccnc(NC(C)(C)c4ccccc4)n3)cc2s1 ; CCC(=O)Nc1nc2ccc(-c3nn(NC(C)(C)c4ccccc4)cc3)cc2s1
Nc1ccc(S(=O)(=O)Nc2nncs2)cc1 ; N#CCc1ncc(S(=O)(=O)NCCc2nccs2)cn1
Cn1c(NC(=O)Cc2ccc(F)cc2)nc(N2CCOCC2)cc1=O ; Cn1c(CC(=O)Cc2ccc(F)cc2)nc(N2CCOCC2)cc1=O
CN(C)CCn1cc(-c2cc(F)ccc2C(F)(F)F)nc1C1CCN(c2ncnc(N)c2C2=CCCC2)CC1 ; CN(C)CCc1ccc([C@@H](F)C(F)(F)F)c([C@@H]2OCc3ncnc(C4CCCN(c5ncnc(N)c5C5=CCCC5)C4)c32)c1
Cn1c(NC(=O)Cc2ccc(F)cc2)nc(N2CCOCC2)cc1=O ; COCCN(C)N1c2ccccc2[C@@H](CC(=O)Cc2ccc(OCCOCCF)cc2)[C@H]1C
CNC(=O)Nc1ccc(-c2nc([C@@H]3COCCN3C)cc(C3(S(=O)(=O)c4ccncc4)CC3)n2)cc1 ; CNC(=O)Nc1ccc(-c2nc([C@@H]3COCCN3CN)cc(C3(S(=O)(=O)NCCCCc4ccnnc4)CC3)n2)cc1
Cn1nc(-c2nc(N)cnc2-c2nnc(C(C)(C)C)o2)nc1C1(c2ccccc2)CC1 ; Cc1c(-c2nc(N)cnc2-c2nnc(C(C)(C)C)o2)ncnc1C1(n2cccc2)CC1
CC(NC(=O)N1CCC(N)(c2ncnc3[nH]ccc23)CC1)c1ccc(Cl)cc1 ; CC(NC(=O)N1CCC(c2c(N)n3ccnc3cn2)CC1)c1ccc(Cl)nc1
CCc1cc(-c2cnc3[nH]cc(-n4cc(CCN(C)C)cn4)c3c2)nc(N)n1 ; CCc1nn(N)c(-c2cnc3[nH]cc(-n4cc(CCN(C)C)cn4)c3c2)n1
O=C(O)c1sc(N2CCOCC2)nc1CC(=O)N1CCc2cc(F)ccc21 ; N=C(N)c1c([C@]2(N3CCc4cc([18F])ccc43)OCCO2)nc(C2CCCC2)s1
NC1(c2ccc(-c3c(-c4ccccc4)ccc4ncnn34)cc2)CCC1 ; NC1(c2ccc(-c3nn4cccc4cc3-n3cccc3)cc2)CCC1
COc1ncc(-c2ccc3nccc(=O)n3c2)cc1NS(=O)(=O)c1ccc(Cl)cc1 ; COc1ncc(-c2cc3cccnc3s2)cc1NS(=O)(=O)c1ccc(Cl)nc1
CCOc1c(N)ncnc1N1CCC(c2nc(-c3cc(F)ccc3C)cn2CCN2CCC2)CC1 ; CCCNCNn1cc(-c2cc(F)ccc2C)nc1C1CCN(c2nc(CC#N)nn2CO)CC1
N[C@H](COc1cncc(C2C(=O)Nc3ccc(C4CC4)cc32)c1)Cc1c[nH]c2ccccc12 ; N[C@H](COc1cc(C2C(=O)Nc3ccc(C4CC4)cc32)cnc1)Cc1cccc2c1[nH]cc2
C=CC(=O)Nc1cccc(Nc2cc(Nc3cccc(Br)c3)ncn2)c1 ; C=CC(=O)Nc1ccnc(Nn2ccc(Nc3cncc(Br)c3)cc2=O)c1
CNc1ncnc(C2CCN(n3cc(CC4CNC4)nc3-c3cc(F)ccc3C)CC2)c1Cl ; CNCC[C@H]1C[C@H]1c1cn(N2CCC(c3c(Cl)cccc3NC)CC2)c(-c2cc(F)ccc2C#N)n1
CN(C)C1CCN(Cc2cc3nc(-c4cccc5nccn45)nc(N4CCOCC4)c3s2)CC1 ; CCN(C)C1CCN(Cc2cc3nc(-c4cccc5nccn45)nc(N(C)CCOC)c3s2)CC1
Nc1ncnc(C2CCN(n3cc(CCN4CCCC4)nc3-c3cccc(F)c3)CC2)c1Br ; CCN(CC)CCCNc1cn(N2CCC(c3c(CF)c(CC#N)ncn3)CC2)c(-c2cc(F)ccc2)n1
CC(C)(c1cc(-c2cc(F)ncc2N)nc(N2CCOCC2)n1)S(C)(=O)=O ; CCCNc1ncc(C(=O)O)c(-c2nc([S@](C)(=N)=O)nn2N2CCOCC2)c1
CCc1c(N)ncnc1N1CCC(c2nc(-c3cc(C(C)C)ccn3)cn2CCN2CCC2)CC1 ; C#Cc1c(CC)cnn1N1C[C@H]2C[C@@]2(c2nc(-c3cc(C(C)C)ccn3)cn2CCN2CCC2)C1
COc1cccc(NC(=O)Cc2nc(N3CCOCC3)cc(=O)[nH]2)c1 ; COCCN(C)c1cc(=O)[nH]c(CCCCC(=O)Nc2cc(OC)ccc2)n1
[N-]=[N+]=NCCCc1ccc(-c2cc(C(F)(F)F)nn2-c2ccc(S(N)(=O)=O)cc2)cc1 ; [N-]=[N+]=NCCCc1ccc(-c2cc(C(F)(F)F)ncc2-c2ccc(S(N)(=O)=O)cc2)cc1
CCn1nnc2c(N3CCOCC3)nc(-c3ccc(NC(=O)Nc4ccc(C(=O)NCCc5ccccn5)cc4)cc3)nc21 ; CCn1nnc2c(C3COOC3)nc(-c3ccc(C(=O)Cc4ccc(C(=O)Cc5ccccn5)cc4)cc3)nc21
Nc1cc(C(F)F)c(-c2nc(N3CCOCC3)nc(N3CCOCC3)n2)cn1 ; NC[C@H](O)c1c(-c2nn(N3CCOCC3)c(N3CCOCC3)c2)cnc(I)c1
O=c1[nH]c2ncc(-c3ccc4[nH]ccc4c3)nc2n1CC1CCOCC1 ; c1cc2cc(-c3nc(CC4CCOCC4)c4cc[nH]c4n3)ccc2[nH]1
O=c1cc(N2CCOCC2)nc(Cc2nc3cc(Cl)ccc3[nH]2)[nH]1 ; O=c1cc(C2CCCC2)nc(Cc2nc3c(Cl)cccc3[nH]2)[nH]1
Cc1nc(N)nc(-c2cc(C(C)(C)O)cnc2Nc2cncc(S(=O)(=O)c3ccccc3)c2)n1 ; Cc1nn(-c2cc(Nc3cc(C(C)(C)O)nc(=O)[nH]3)cc(S(=O)(=O)c3ccccc3)c2)c(N)c1
CCc1c(N)ncnc1N1CCC(c2nc(-c3cccc(Cl)c3)cn2CCN2CCC2)CC1 ; CCCNCCn1cc(-c2cc(Cl)ccc2)nc1[C@@]12C[C@@H]1CN(n1ncc(CC)c1N)C2
Cc1cc(-c2nc(CCN(C)C)cn2N2CCC(c3c(N)ncnc3OC(C)C)CC2)ccc1F ; Cc1cc(-c2nc(SCCN(C)C)cn2N2CCC(c3c(NC(C)C)ncnc3N)CC2)ccc1F
Cc1nc(N)nc(-n2c(Nc3ccnn3C)nc3ccccc32)n1 ; NCn1cncc1Nc1nc2ccccc2n1-c1nc(N)nc(I)n1
CCc1c(N)ncnc1N1CCC(c2nc(-c3cc(F)ccc3OC)cn2CCN2CCC2)CC1 ; CCCCCCOc1c(N)ncnc1N1CCC(c2cc(-c3cc(F)ccc3C3COC3)ccc2CCN2CCC2)CC1
Cc1ccc(-c2c(N)ncnc2N2CCC(c3nc(-c4cc(F)ccc4C(F)(F)F)cn3C)CC2)s1 ; C#Cc1c(-c2ccc(C)s2)cnn1N1CCC(c2cc(-c3nc(OCCOCCF)ncc3C(F)(F)F)nn2CN)CC1
CC(=O)Nc1nc(C)c(-c2cnc(C(C)(C)O)o2)s1 ; C#CCc1c(-c2ccc(C(C)(C)O)s2)sc(NC(C)=O)n1
O=C(CSc1nnc(OCc2ccc3c(c2)CCCC3)o1)Nc1ncc([N+](=O)[O-])s1 ; O=[N+]([O-])c1cnc(OCC(O)Cc2nnc(NCCNCc3ccc4CCCCc4c3)o2)s1
Cn1c(NC(=O)Cc2cccc(C3CC3)c2)nc(N2CCOCC2)cc1=O ; NCn1c(NC(=O)Cc2cc(C3CC3)ccc2)nc(N2CCOCC2)cc1=O
NC1(c2ccc(-c3nc4ccccc4cc3-c3ccccc3)cc2)CCC1 ; NC1(c2ccc(-c3nc4ccccc4cc3-n3cccc3)cc2)CCC1
N#Cc1c(N)ncnc1N1CCC(c2nc(-c3cc(OC(F)F)ccc3F)cn2CCN2CCC2)CC1 ; N#Cn1nc(N)nc1N1CCC(c2nc(-c3nc(OC(F)F)cn3OCCOCCF)cn2NCN2CCC2)CC1
Nc1ncccc1-c1nc2ccc(-c3ccccc3)nc2n1-c1ccc(CNC(=O)c2ccccc2)cc1 ; Cc1ncccc1-c1nc2ccc(-c3ccccc3)nc2n1-c1ccc(CNC(=O)c2ccccc2)cc1
Cc1nc(C(=O)N[C@H]2CCCN2C(N)=O)sc1-c1csc(-c2cccnc2)n1 ; Cc1c(-c2csc(-c3cccnc3)n2)sc(C(=O)N[C@H]2CCCN2C(N)=O)n1
CN(C)C(=O)C1CCN(c2cccc(-c3ccc4nc(-c5ncccc5N)n(-c5ccc(C6(N)CCC6)cc5)c4n3)c2)CC1 ; CN(C)C(=O)C1CCN(c2cccc(-c3ccc4nc(-c5ncccc5I)n(-c5ccc(C6(I)CCC6)cc5)c4n3)c2)CC1
O=S(=O)(Nc1ncc(Cl)cc1-c1ccnc2ccc(N3CCN(Cc4ccncc4)CC3)cc12)c1ccc(F)cc1 ; O=S(=O)(Nc1ncc(Cl)cc1-c1ccnc2ccc(N3CCN(Cc4cscc4)CC3)cc12)c1ccc([18F])cc1
Cn1c(NC(=O)Cc2cc(F)ccc2I)nc(N2CCOCC2)cc1=O ; N[C@@H]1[C@H](NC(=O)Cc2nc(F)cn2I)c2ccccc2N1N1CCOCC1
NC(=O)c1c(N)ncnc1N1CCC(c2nc(-c3cc[nH]c(=O)c3)cn2CCN2CCC2)CC1 ; Cc1c(C(N)=O)c(N2CCC(c3nc(-c4cc(=O)[nH]cc4)cn3CCN3CCC3)CC2)ncn1
CC1Cc2ccccc2N1C(=O)Cc1nc(N2CCOCC2)sc1C(=O)O ; CC1Cc2ccccc2N1C(=O)Cc1c(C(=N)N)sc(N2CCOCC2)n1
N[C@H](COc1cc(Cl)cnc1-c1ccc2cnccc2c1)Cc1c[nH]c2ccccc12 ; N[C@H](COc1cn(-c2ccc3cnccc3c2)c(=O)n(Cl)c1=O)Cc1c[nH]c2ccccc12
CCn1nc(N2CCC(C(=O)[C@H](O)CO)CC2)nc1-c1cnc(N)c(-c2nnc(C(C)(C)C)o2)n1 ; CN(C)n1nc(N2CCC(C(=O)[C@H](O)CO)CC2)nc1-c1cnc(N)c(-c2ccc(C(C)(C)C)o2)n1
CCc1c(N)ncnc1N1CCC(c2nc(-c3cccc(C(F)(F)F)n3)cn2CCN2CCC2)CC1 ; C#Cc1c(CC)cnn1N1CCC(c2cc(-c3nc(OC(F)(F)C(F)F)ccc3)ccc2CCN2CCC2)CC1
CC(C)n1nnc2c(N3CCOCC3)nc(-c3ccc(NC(=O)Nc4ccc(CO)cc4)cc3)nc21 ; O=C(Nc1ccc(CCO)cc1)Nc1ccc(-c2nc(N3CCOCC3)c3nnn(CCCl)c3n2)cc1
CC1(C)CN(c2nc(-c3cc(C(F)F)ncc3N)nc(N3CCOC(C)(C)C3)n2)CCO1 ; Cc1cnc(C(F)F)cc1-c1nc(N2CCOC(C)(CN)C2)nc(N2[C@@H](CC(=O)O)COC[C@H]2C)n1
NC(=O)c1ccc(N[C@@H]2CNCC[C@@H]2c2ccc(F)c(Cl)c2)c2cncnc12 ; CCC(=C[C@H]1CCNC[C@H]1Nc1ccc(C(C)=O)c2ncncc12)c1cnc(Cl)nc1
NC1(c2ccc(-n3c(-c4ccccc4)nc4ccc(NCc5ccccc5)nc43)cc2)CCC1 ; CC1(c2ccc(-n3c(-c4ccccc4)nc4ccc(NCn5cccc5)nc43)cc2)CCC1
CC(=O)Nc1nc2ccc(-c3cnc(Cl)c(NS(=O)(=O)c4cccc(Cl)c4)c3)cc2s1 ; CCCSc1ncc(-c2ccc3nc(NC(C)=O)sc3c2)cc1NS(=O)(=O)c1cccc(Cl)c1
NCCC(NC(=O)c1sc(Br)cc1-c1ccnc2[nH]ccc12)c1ccccc1 ; NCC(NC(=O)c1c(-c2ccnc3c2cc[nH]3)cc(Br)s1)c1ccccc1
CC(=O)Nc1ccc2c(c1)c(-c1cnn3c(C#N)cc(NC4CC4)nc13)cn2C ; CC(=O)NCc1ccc2c(c1)c(-c1c3nc(NC4CC4)cc(C#N)n3nc1)cn2C
CS(=O)(=O)N1CCN(Cc2cccc3c2CCN3C(=O)Cc2nc(N3CCOCC3)cc(=O)[nH]2)CC1 ; CS(=O)(=O)N1CCN([C@H]2C[C@H]2c2cccc3c2CCN3C(=O)Cc2nc(N3CCOCC3)cc(=O)[nH]2)CC1
CCc1c(N)ncnc1N1CCC(c2nc(-c3ccc(F)cc3)cn2CCN2CC3(COC3)C2)CC1 ; Nc1c([N+](=O)[O-])c(N2CCC(c3cc(-c4ccc(OCCOCCF)cc4)ccc3NCN3CC4(COC4)C3)CC2)ncn1
O=c1cc(N2CCOCC2)nc(Cc2nc3ccccc3n2-c2ccccc2)[nH]1 ; c1ccc(-n2c(Cc3ncccc3N3CCOCC3)nc3ccccc32)cc1
Nc1ncc(-c2nc(N3CCOCC3)nc(N3CCOCC3)n2)cn1 ; COCCN(C)n1nc(-c2cnc(C(=O)O)nc2)cc1N1CCOCC1
C=CC(=O)Nc1cccc(Nc2cc(Nc3cccc(Br)c3)ncn2)c1 ; C=CC(=O)Nc1cccc(Nn2ccc(Nc3cncc(Br)c3)cc2=O)c1
COc1ncc(Nc2c(N3CCN(C(C)C)CC3)nc3ccc(-c4nc(C)nc(N)n4)cn23)cc1F ; COc1ncc(Nc2c(C3=CCC([C@H](C)O)CC3)nc3ccc(-c4nc(C)nc(I)n4)cn23)cc1[18F]
CSc1ncc(-c2sc(NC(C)=O)nc2C)o1 ; CSc1ncc(-c2c(C)nc(NC(C)=O)s2)o1
O=C(Cc1cc(=O)[nH]c(N2CCOCC2)n1)N1CCc2ccccc2C1 ; O=C(Oc1cc(=O)[nH]c(N2CCOCC2)n1)N1CCc2ccccc2C1
Nc1nc2cc(-c3cnc4[nH]c(=O)n(CC5CCCCC5)c4n3)ccc2[nH]1 ; CCCCCCOn1c(=O)[nH]c2ncc(-c3ccc4[nH]c(N)nc4c3)nc21
CN(C)CCN(C)CCn1cc(-c2cc(F)ccc2C(F)(F)F)nc1C1CCN(c2ncnc(N)c2C#N)CC1 ; C#Cc1c(C#N)cccc1N1CCCC(c2nc(-c3cc(F)ccc3C(F)(F)F)cn2CCN(CC)CC)C1
O=C(Cc1c(F)nc(N2CCOCC2)[nH]c1=O)N1c2ccccc2CC1CO ; O=c1[nH]c(N2CCOCC2)nc(OCCOCCF)c1[C@]1(N2c3ccccc3C[C@H]2CCO)OCCO1
N#Cc1c(N)ncnc1N1CCC(c2nc(-c3cc(F)ccc3Cl)cn2CCN2CCC2)CC1 ; CCCNCCn1cc(-c2cc(F)ccc2Cl)nc1C1CCN(c2nc(N)nn2C#N)CC1
NC(=O)c1c(N)ncnc1N1CCC(c2nc(-c3ccc(F)cc3)cn2CCN2CCCC2)CC1 ; NC(=O)c1c(N)n(N2C[C@H]3C[C@@]3(c3cc(-n4cc(F)c(=O)[nH]c4=O)ccc3NCN3CCCC3)C2)nc1
CCc1c(N)ncnc1N1CCC(c2nc(-c3cc(F)ccc3F)cn2CCN2CCC2)CC1 ; CCCCCCOc1c(N)ncnc1N1CCCC(c2nc(-c3cc(F)ccc3F)cn2CCNCCC)C1
CC(C)NS(=O)(=O)c1cncc(-c2ccc3nc(N)nn3c2)c1 ; CC(C)NS(=O)(=O)c1cncc(-c2cn3nc(N)nc3cc2)c1
Nc1ncccc1-c1nc2cc(C3CCCC3)cnc2n1-c1ccc(CNC(=O)c2ccccc2)cc1 ; Nc1ncccc1-c1nc2c(-c3ccc(CNC(=O)c4ccccc4)cc3)cnn2c(C2CCCC2)c1
CC(=O)Nc1nc2ccc(-c3cnc(Cl)c(NS(=O)(=O)c4ccc(F)cc4)c3)cc2o1 ; CCCSc1ncc(-c2c3nc(CNC(C)=O)oc3ccc2)cc1NS(=O)(=O)c1ccc(F)nc1
CC(C)C(C(=O)Nc1ccc(F)cc1)c1nc(N2CCOCC2)cc(=O)[nH]1 ; COCCN(C)c1c(NC(=O)C(C)(C)OC(C)=O)nc(-n2cc(F)c(=O)[nH]c2=O)[nH]c1=O
CNC(=O)c1nc(-c2cc(Cl)ccc2NS(=O)(=O)c2cccc(OC)c2)cnc1N ; CNC(=O)c1nc(-c2cc(COC)ccc2C(CNS(C)(=O)=O)NC(=O)c2cn(O[11CH3])c(=O)cc2)cnc1I
Cc1ccc(-c2nc(CCN3CCC3)cn2N2CCC(c3c(N)ncnc3C(N)=O)CC2)cc1Cl ; CNc1cc(-c2nc(COCN3CCC3)cn2N2CCCC(c3c(CC(N)=O)ncnc3C)C2)ccc1CC(=O)O
O=c1cc(N2CCOCC2)nc(Cc2nc3c(-c4ccccn4)cccc3o2)[nH]1 ; c1cnc(Cc2nc3c(-c4ccncn4)cccc3o2)c(C2CCCC2)c1
O=C(O)c1sc(N2CCOCC2)nc1CC(=O)N1CCc2ccccc21 ; O=C(O)c1c(CC(=O)N2CCc3ccccc32)sc(C2CCNCC2)n1
NC(=O)c1ccc(NCc2ccccc2)c2cncnc12 ; NC(=O)c1ccc(CCc2ccccc2)c2cncnc12
O=C(O)c1sc(N2CCOCC2)nc1CC(=O)N1CCc2ccccc21 ; O=C(O)c1c(OC(=O)N2CCc3ccccc32)nc(C2CCNCC2)s1
Nc1ncccc1-c1nc2ccc(-c3cccc(N4CCN(C(=O)C5CC5)CC4)c3)nc2n1-c1ccc(C2(N)CCC2)cc1 ; Nc1ncccc1-c1nc2ccc(-c3cn(N4CCN(C(=O)C5CC5)CC4)c(=O)cc3)nc2n1-c1ccc(C2(N)CCC2)cc1
O=c1cc(N2CCOCC2)nc(Cc2nc3cc(F)ccc3o2)[nH]1 ; O=c1cc(N2CCOCC2)nc(CSc2nc3cc([18F])ccc3o2)[nH]1
C[C@H]1COC[C@H](C)N1c1nc(-c2cc(C(F)F)ncc2N)nc(N2[C@@H](C)COC[C@H]2C)n1 ; Cc1cnc(OC(F)F)cc1-c1nc(N2[C@@H](CN)COC[C@H]2C)nc(N2C[C@H](C)OC[C@H]2C)n1
O=S(=O)(Cc1nc(-c2ccccn2)cc(N2CCOCC2)n1)c1ccccc1 ; CC(C)N(c1nc(N2CCOCC2)cc(-c2ccccn2)n1)S(=O)(=O)n1cccc1
O=c1cc(N2CCOCC2)nc(Cc2nc3cc(Br)ccc3[nH]2)[nH]1 ; O=c1cc(N2CCOCC2)nc(CSc2nc3cc(CF)ccc3[nH]2)[nH]1
CCN(C)Cc1c(N)ncnc1N1CCC(c2nc(-c3cc(F)ccc3C(F)(F)F)cn2CCN(C)C)CC1 ; C#Cc1c(CN(C)CC)c(N2CCC(c3cc(-c4nc(F)ncc4C(F)(F)F)nn3OCCN(C)C)CC2)ncn1
C[C@@H]1COCCN1c1cc(C2(S(C)(=O)=O)CC2)nc(-c2cncc3[nH]ccc23)n1 ; C[C@@H]1CCCN1c1cc(C2(S(C)(=O)=O)CCCC2)nc(-c2c[nH]c3ncccc23)n1
CC(=O)Nc1cc(Nc2cnn3c(C#N)cc(NC4CCC4)nc23)ccc1C ; COC(=O)c1cc(CCCSc2c3nc(NC4CCC4)cc(C(=O)[C@@H](O)CO)n3nc2)ccc1C
CC(C)Nc1ccc2cnn(-c3cncc(-c4ccc(C(=O)O)nc4)n3)c2c1 ; CC(C)Nc1cc(-c2cncc3ccccc23)c(-c2ccc(C(=N)N)cc2)cn1
N[C@H](COc1cncc(-c2n[nH]c3cnc(-c4ccco4)cc23)c1)Cc1ccccc1 ; N[C@H](COc1cc(-c2n[nH]c3c2cc(-c2ccco2)nc3)cnc1)Cn1cccc1
CCOc1c(N)ncnc1N1CCC(c2nc(-c3cc(F)ccc3C)cn2CCO)CC1 ; C#CCc1ccc(F)cc1-c1nn(CCO)c(C2CCN(n3ncc(OC)c3C#C)CC2)c1
CC(=O)Nc1nc(C)c(-c2nc(N3CCCC(O)C3)no2)s1 ; CC(=O)Nc1nc(C)c(-c2cc(N3CCC(S)CC3)no2)s1
CCOc1c(N)ncnc1N1CCC(c2nc(-c3cc(F)ccc3C)cn2CCN2CCC2)CC1 ; CCCNCCn1cc(-c2cc(F)ccc2C)nc1C1CCN(c2ncnc(N)c2OCC)CC1
C[C@@H]1CC[C@@H](NC(=O)c2ccccc2)CN1c1cc(-c2[nH]nc3cc(N)ccc23)nc(N)n1 ; N#C[C@@H]1CC[C@@H](NC(=O)c2ccccc2)CN1c1cc(-c2c3ccc(N)cc3n[nH]2)nc(I)n1
CNC(=O)Nc1ccc(Nc2nc3ccccc3n2-c2nc(C)nc(N)n2)cc1 ; CNC(=O)Nc1ccc(Nc2nc3ccccc3n2-c2nn(N)c(C#N)c2)cc1
Cc1nc(C(=O)N[C@@]2(C(N)=O)CCCN2C)sc1-c1csc(C(C)(C)C)n1 ; Cc1c(-c2noc(C(C)(C)C)c2)sc(C(=O)NC2(CC(N)=O)CCN(N)CC2)n1
NC(=O)c1sc(N2CCOCC2)nc1CC(=O)N1CCc2c(Cl)cccc21 ; NC(=O)Cc1c(CC(=O)N2CCc3c(Cl)cccc32)nc(C2CCCC2)s1
O=C(Cc1cc(=O)[nH]c(N2CCOCC2)n1)Nc1ccccc1OCCN1CCCC1 ; COCCN(C)c1nc(CC(=O)Nc2ccccc2OCCN2CCCC2)cc(=O)[nH]1
C(#Cc1n[nH]c2ccccc12)c1ccncc1 ; c1ccc2c(CCCCc3ccncc3)n[nH]c2c1
CN(C)C1CCN(Cc2cc3nc(-c4cccc5nccn45)nc(N4CCOCC4)c3s2)CC1 ; COCCN(C)c1c2sc(NCCN3CCC(N(C)C)CC3)cc2nc(-c2cccc3nccn23)n1
Nc1ncnc(C2CCN(n3cc(CCN4CCCC4)nc3-c3cc(F)ccc3C(F)(F)F)CC2)c1Cl ; O=C(O)c1ncnc(C2CCN(n3cc(CCN4CCCC4)nc3-c3cc(F)ccc3C(F)(F)F)CC2)c1Cl
C[C@H]1CN(C(=O)Cc2nc(N3CCOCC3)cc(=O)[nH]2)c2ccccc21 ; CN1C(=O)c2ccccc2C1C(=O)Cc1nc(N2CCOCC2)cc(=O)[nH]1
C=Cc1c(N)ncnc1N1CCC(c2nc(-c3ccc(C(F)(F)F)cc3)cn2CCN2CCCC2)CC1 ; C#Cc1c(OCCF)cnn1N1CCC(c2nc(-c3ccc(C(F)(F)F)cc3)cn2CCN2CCCC2)CC1
Cc1n[nH]c2cnc(-c3cncc(OC[C@@H](N)Cc4c[nH]c5ccccc45)c3)cc12 ; Cc1cc2c(cn1)[nH]nc2-c1cncc(OC[C@@H](N)Cc2c[nH]c3ccccc23)c1
NC(=O)c1ccc(N2CCC(c3cccc(C(F)(F)F)c3)C(N)C2)c2cncnc12 ; NC(=O)c1ccc(N2CCC(c3cc(C(F)(F)F)ccc3)C(I)C2)c2cncnc12
CCc1c(N)ncnc1N1CCC(c2nc(-c3cccc(C(F)(F)F)n3)cn2CCN2CCC2)CC1 ; CCCNCNn1cc(-c2nc(C(F)(F)F)ccc2)nc1[C@@]12C[C@@H]1CN(c1ncnc(N)c1[N+](=O)[O-])C2
Cc1nc(C(=O)N[C@H]2CCCN2C(N)=O)sc1-c1csc(C2CCC2)n1 ; Cc1c(-c2csc(C3CCC3)n2)nc([C@H](O)CCC2C3CCC2CN(C(N)=O)C3)s1
O=c1cc(N2CCOCC2)nc(Cc2nc3ccccc3o2)[nH]1 ; O=c1cc(C2CCNCC2)nc(Oc2nccc3c2cco3)[nH]1
CC1Cc2cc(F)ccc2N1C(=O)Cc1nc(N2CCOCC2)cc(=O)n1C ; Cc1c(N2CCOCC2)nc(NC(=O)NN2c3ccc(F)cc3CC2N)[nH]c1=S
N#Cc1c(N)ncnc1N1CCC(c2nc(-c3cc(F)ccc3C(F)(F)F)cn2CCN)CC1 ; N#CCCc1c(N)n(N2CCC(c3cc(-c4cc(OCCOCCF)ccc4C(F)(F)F)nn3OCCN)CC2)nc1
Nc1cc(N2CCC(c3nc(-c4ccc(C(F)(F)F)cc4)cn3CCN3CCCC3)CC2)ncn1 ; C#Cc1nc(=O)[nH]c(N2C[C@H]3C[C@@]3(c3nc(-n4cc(OC(F)(F)C(F)F)c(=O)[nH]c4=O)cn3CCN(CC)CC)C2)c1
O=c1cc(N2CCOCC2)nc(Cc2nc3ccccc3n2Cc2ccccc2)[nH]1 ; COCCN(C)c1cccn(Cc2nc3ccccc3n2Oc2ccccc2)c1=O
CNC(=O)[C@@H]1CCCN1C(=O)Nc1nc(C)c(-c2ccnc(C(C)(C)C)c2)s1 ; C#CCc1c(-c2cncc(C(C)(C)N)n2)sc(C(CC)(C(=O)NC)N2CCC[C@H]2C(=O)NC)n1
N#Cc1c(N)ncnc1N1CCC(c2nc(-c3cc(F)ccn3)cn2CCN2CCC2)CC1 ; CCCNCCn1cc(-c2cc(F)ccn2)nc1C1CCN(c2ncnc(N)c2C#N)CC1
Cc1nc(C(=O)N[C@H]2CCCN2C(N)=O)sc1-c1ccc(-n2cccn2)cc1 ; Cc1c(-c2ccc(-n3cccn3)nc2)nc([C@H](O)CCC2C3CCC2CN(CC(N)=O)C3)s1
CC(=O)Nc1ccc2ccn(-c3cc(CCNN4CCCC4)n4ncc(C#N)c4n3)c2c1 ; CCCN(CCC)NCCc1cc(-c2ccc3nc(NC(=O)NC)oc3c2)nc2c(C#N)cnn12
Cc1nc(N)nc(-c2c(Nc3cc[nH]n3)nc3ccc(-c4cncn4C)cn23)n1 ; Cc1nc(-c2c(Oc3n[nH]cc3)nc3ccc(-c4cncn4C)cn23)nc(C#N)c1
COc1ccc(S(=O)(=O)Nc2cc(-c3ccc4nc(NC(C)=O)sc4c3)ccn2)cc1 ; CNC(=O)Nc1nc2ccc(-c3ccnc(NS(=O)(=O)c4ccc(OC)cc4)c3)cc2s1
O=C(Cc1cc(=O)[nH]c(N2CCOCC2)n1)Nc1cccc2c1OCCN2 ; O=C(Cc1cc(=O)[nH]c(C2CCNCC2)n1)Nc1cccc2c1OCCN2
Nc1ccc(S(=O)(=O)Nc2nncs2)cc1 ; Nc1ccc(S(=O)(=O)NCCc2nccs2)cc1
O=C(Cc1c(F)nc(N2CCOCC2)[nH]c1=O)N1c2ccccc2CC1CO ; COCCN(C)c1nc(OCCOCCF)c2nc(CC(=O)N3c4ccccc4C[C@H]3CO)[nH]c2n1
CC(=O)Nc1nc2ccc(-c3ccnc(N(C)S(=O)(=O)c4ccccc4F)n3)cc2s1 ; CNC(=O)Nc1cc2cc(-c3ccnc(N(C)S(=O)(=O)c4cccnc4F)n3)ccc2s1
O=S(=O)(Cc1nc(-c2ccccn2)cc(N2CCOCC2)n1)c1ccccc1 ; O=S(=O)(Cc1c(-n2ccnc2)nc(N2CCOCC2)o1)n1cccc1
O=S(=O)(Nc1ncc(Cl)cc1-c1ccnc2ccc(-c3ccccc3)cc12)c1ccc(F)cc1 ; O=S(=O)(Nc1ncc(Cl)cc1-c1ccnc2ccc(-n3cccn3)cc12)c1ccc(F)nc1
CCc1c(N)ncnc1N1CCC(c2nc(-c3cccc(C(F)(F)F)n3)cn2CCN2CCC2)CC1 ; CCCNCNn1cc(-c2nc(C(F)(F)F)ncc2)nc1C1CCN(n2ncc(CC)c2N)CC1
O=[N+]([O-])c1ccc(S(=O)(=O)Nc2ccc(O)c(Sc3ncn[nH]3)c2)cc1 ; C[C@@H](CO)c1ccc(NS(=O)(=O)c2ccc([N+](=O)[O-])cc2)cc1COC[C@H](N)COc1nnc[nH]1
Nc1ncnc(C2CCN(n3cc(CCN4CCC4)nc3-c3cc(F)ccc3C(F)(F)F)CC2)c1OCC(F)(F)F ; Nc1ncnc(C2CCN(n3cc(NCCCN4CCC4)nc3-c3cc(F)ccc3C(F)(F)F)CC2)c1NCC(F)(F)F
COCCNC(=O)c1ccc(Nc2nccc(Nc3ccccc3Cl)n2)cc1 ; COCCNC(=O)c1ccc(Nc2nccc(SCCCc3ccccc3Cl)n2)cc1
COc1ccc(-c2nc(CCN3CCC3)cn2N2CCC(c3c(N)ncnc3C(N)=O)CC2)cc1Cl ; COc1ncc(-c2nc(COC[18F])cn2N2CCC(c3c(C(N)=O)ncnc3C)CC2)cc1Cl
CS(=O)(=O)Cc1cc(-c2cc(C(F)(F)F)ncc2N)nc(N2CCOCC2)n1 ; CS(=O)(=O)Nc1cc(-c2cc(C(F)(F)F)ncc2N)nc(N2CCOCC2)n1
C=Cc1c(N)ncnc1N1CCC(c2nc(-c3cc(F)ccc3C(F)(F)F)cn2CCN(C)C)CC1 ; C#Cc1c(OCCF)c(N2C[C@H]3C[C@@]3(c3nc(-c4cc(F)ccc4C(F)(F)F)cn3OCCN(C)C)C2)ncn1
O=c1cc(N2CCOCC2)nc(Cc2nc3cccc(F)c3o2)[nH]1 ; O=c1cc(C2CCCC2)nc(CSc2nc3cccc([18F])c3o2)[nH]1
NC1(c2ccc(-n3c(C4CC4)nc4ccc(-c5cccc(N6CCOCC6)c5)nc43)cc2)CCC1 ; CC1(c2ccc(-n3c(C4CC4)nc4ccc(-c5cccc(N6CCOCC6)c5)nc43)cc2)COC1
Nc1ncnc(C2CCN(n3cc(CCN4CCC4)nc3-c3cc(F)ccc3C(F)(F)F)CC2)c1-c1cc[nH]c1 ; Nc1cccc(-c2c[nH]cc2)c1C1CCN(c2ccc(-c3cc(F)ccc3C(F)(F)F)cc2NCCCN2CCC2)CC1
CCc1c(N)ncnc1N1CCC(c2nc(-c3cc(F)ccc3F)cn2CCN2CCC23COC3)CC1 ; CCn1nc(N)nc1N1CCCC(c2cc(-c3nc(F)cn3F)ccc2CCN2CCC23COC3)C1
CC(=O)Nc1nc2ccc(-c3ccnc(NS(=O)(=O)c4ccccc4F)n3)cc2s1 ; CC(=O)Nc1nc2ccc(-c3ccnc(NS(=O)(=O)c4ccccc4[18F])n3)cc2s1
CC(=O)Nc1cccc(-c2ccc3nc(-c4ncccc4N)n(-c4ccc(CC(=O)Nc5ccccc5)cc4)c3n2)c1 ; COC(=O)c1cncc(-c2ccc3nc(-c4ncccc4N)n(-c4ncc(CCC(=O)Nc5ccccc5)cn4)c3n2)c1
NS(=O)(=O)c1ccc(-n2nc(C(F)(F)F)cc2-c2ccc(-c3cc(Cl)cc(Cl)c3)cc2)cc1 ; CS(=O)(=O)Nc1ccc(-n2nc(CC(F)(F)F)cc2-c2ccc(-c3ccc(Cl)c(Cl)c3)cc2)cc1
C=Cc1cc2cc(-c3cncc(OC[C@@H](N)Cc4c[nH]c5ccccc45)c3)ccc2cn1 ; C[C@H](CCc1cc(-c2ccc3cnc(C(C)(C)CO)cc3c2)cnc1)Cc1cccc2c1[nH]cc2
N#Cc1c(N)ncnc1N1CCC(c2nc(-c3cc(F)ccc3C(F)(F)F)cn2CC2CCN2)CC1 ; N#Cc1c(N)ncnc1N1CCC(c2nc(-c3nc([18F])cn3OC(F)(F)C(F)F)cn2CC2CCCN2)CC1
CC(=O)Nc1nc(C)c(-c2csc(C(C)C)n2)s1 ; C#CCc1cc(NC(=O)CC)nn1-c1csc(C2CC2)n1
O=S(=O)(Nc1ncc(Cl)cc1-c1cnc2ccc(N3CCOCC3)cc2n1)c1ccc(F)cc1 ; O=S(=O)(Nc1ncc(Cl)cc1-c1nc2cc(N3CCOCC3)ccc2nc1)c1ccc(F)cc1
CC1C(=O)Nc2ccc(-c3cncc(OC[C@@H](N)Cc4c[nH]c5ccccc45)c3)cc21 ; Cc1cc(C2Cc3ccccc3C2=O)cc(OC[C@@H](N)Cc2c[nH]c3ccccc23)c1
O=C(Cc1cc(=O)[nH]c(N2CCOCC2)n1)Nc1ccc(F)c(Cl)c1 ; CCC(=CC[C@@H](CN)NC(=O)c1cc(=O)[nH]c(N(C)CCOC)n1)c1cnc(NC)nc1
O=c1cc(N2CCOCC2)nc(Cc2nc3cc(F)ccc3[nH]2)[nH]1 ; O=c1cc(C2CCCC2)nc(Cc2nc3c([18F])cccc3[nH]2)[nH]1
C=Cc1c(N)ncnc1N1CCC(c2nc(-c3cc(F)ccc3F)cn2CCN2CCCC2)CC1 ; CCN(CC)CCc1ccc(-c2nc(F)cn2F)cc1C1CCN(c2nc(N)nn2C(C)(C)CO)CC1
NS(=O)(=O)c1nnc(NS(=O)(=O)c2cccc3cccnc23)s1 ; CCS(=O)(=O)Nc1nnc(NS(=O)(=O)Cc2cccc3cccnc23)s1
CCS(=O)(=O)C1(c2cc(-c3cc(C(F)(F)F)ncc3N)nc(N3CCOCC3)n2)CC1 ; CCS(=O)(=O)C1(c2cc(-c3c(N)cc(C(F)(F)F)o3)nc(N(C)CCOC)n2)CC1
Cc1ncc(-c2c(N)ncnc2N2CCC(c3nc(-c4cc(F)ccc4C(F)(F)F)cn3C)CC2)s1 ; Cc1ncc(-c2c(N)ncnc2N2C[C@H]3C[C@@]3(c3nc(-c4cc(F)ccc4C(F)(F)F)cn3C)C2)s1
CC(C)n1nnc2c(N3CCOCC3)nc(-c3ccc(NC(=O)Nc4ccc(CO)cc4)cc3)nc21 ; CC(C)c1ccc2nc(N3CCOCC3)n(-c3ccc(NC(=O)Nc4ccc(CO)nc4)cc3)c2n1
CN1CCN(Cc2cccc3c2CCN3C(=O)Cc2nc(N3CCOCC3)cc(=O)n2C)CC1 ; N#CN1CCN(Sc2cccc3c2CCN3C(=O)Cc2nc(N3CCOCC3)c(CN)c(=S)[nH]2)CC1
