SMILES,logP,tPSA,MW,SweetSpot
CCN(CC)c1nccc(-c2sc(NC(=O)N3CCC[C@H]3C(N)=O)nc2C)n1,2.23632,117.34,403.179044,No
O=[N+]([O-])c1ccc(S(=O)(=O)Nc2ccc(O)c(Sc3ncn[nH]3)c2)cc1,2.3705,151.11,393.0201605,No
CNCCn1cc(-c2ccc(F)c(C)c2)nc1C1CCN(c2ncnc(N)c2-c2cn[nH]c2)CC1,3.36332,113.57,475.2608202,No
NC(=O)c1c(N)ncnc1N1CCC(c2nc(-c3ccc(F)c(C(F)(F)F)c3)cn2CC2CCCN2)CC1,3.3151,127.98,532.2322204,No
CCn1c(-c2nonc2N)nc2c(-c3cc[nH]c3)ncc(OCCCN)c21,1.8061,146.69,368.1709219,No
CCCCCCCCCCCCCCCCCCOC[C@@H]1CCC[C@H]1OP(=O)([O-])OCC[N+](C)(C)C,7.641,67.82,533.4209107,No
O=C(Cc1nc(N2CCOCC2)cc(=O)[nH]1)N1c2ccccc2CC1C1CC1,1.5169,78.53,380.1848406,No
CCC[C@@H]1NC(=O)[C@H](CCCNC(=N)N)NC(=O)CN(C(=O)[C@@H](N)CCCNC(=N)N)CCNC(=O)NCCCCN(CC(N)=O)C(=O)[C@H](CCC(C)C)NC(=O)[C@H](CN)NC(=O)[C@H](Cc2ccc(O)cc2)NC1=O,-4.35696,466.41,1058.646131,No
CC(C)c1cc(-c2cn(CCN3CCC3)c(C3CCN(c4ncnc(N)c4Br)CC3)n2)ccn1,4.2929,88.99,524.2011552,No
CCCCCCCCCCCCCCCCCCOC[C@H](COP(=O)(O)O[C@H]1[C@@H](O)[C@@H](O)[C@H](O)[C@H](CO)[C@H]1O)n1ccnc1,4.2702,183.96,650.3907327,No
C[C@H]1COCCN1c1nc(-c2cnc(N)cc2C(F)(F)F)cc(C2(S(C)(=O)=O)CCC2)n1,2.7885,111.3,471.1551953,No
CCc1c(N)ncnc1N1CCC(c2nc(-c3ccc(C(F)(F)F)c(F)c3)cn2CCN2CCC(F)CC2)CC1,5.4605,76.1,563.2795852,No
COc1ccc(C(=O)Nc2ccc(-c3nnc4n3-c3cccnc3Nc3ccccc3-4)cc2)cc1,5.3142,93.96,460.1647739,No
O=c1[nH]c2ccccc2n1C1CCN(Cc2ccc(-c3nnc4n3-c3cccnc3Nc3ccccc3-4)cc2)CC1,5.5334,96.66,540.2386075,No
N[C@H](COc1cncc(-c2ccc3[nH]c(=O)sc3c2)c1)Cc1c[nH]c2ccccc12,4.0817,96.79,416.1306969,Yes
c1ccc2c(c1)Nc1ncccc1-n1c(-c3ccc(CNCC4CC4)cc3)nnc1-2,4.5529,67.66,394.1905947,No
CC(=O)Nc1cn2cc(-c3cnc(Cl)c(NS(=O)(=O)c4ccc(F)cc4)c3)ccc2n1,3.948,105.46,459.0568162,No
N#Cc1cc2c(cn1)[nH]c1ncc(-c3cccc(CO)c3)cc12,3.14208,85.59,300.101111,No
O=C(Cc1nc(N2CCOCC2)cc(=O)[nH]1)Nc1cccc(C(=O)O)c1,0.4859,124.62,358.1277197,No
NC(=O)c1ccc(N2CCC(c3cccc(C(F)(F)F)c3)C(N)C2)c2cncnc12,3.0687,98.13,415.1619949,Yes
Nc1ncc(-c2ccc3nc(NC(=O)CCCN4CCCCC4)sc3c2)cc1C(F)(F)F,5.1639,84.14,463.165366,No
N[C@H](COc1cncc(/C=C/c2ccnc(-n3ccc4ccccc43)c2)c1)Cc1c[nH]c2ccccc12,6.021,81.75,485.2215605,No
COc1c(-c2ccccc2)c([C@H](C)Nc2ncnc(N)c2C#N)nc2ccc(F)cc12,4.46648,109.74,414.1604374,Yes
CCc1c(N)ncnc1N1CCC(c2nc(-c3ccc(F)c(F)c3)cn2CCN2CCC3(COC3)C2)CC1,3.8692,85.33,523.2871152,No
CCc1cc(-c2c[nH]c3ncc(-c4cn[nH]c4)cc23)nc(N)n1,2.5546,109.16,305.1388935,No
O=C(Cc1nc(N2CCOCC2)cc(=O)[nH]1)Nc1cccc2c1OCCN2,0.592,108.58,371.1593542,No
CN(C)C(=O)c1cc(CN(C)c2cc(F)cc(F)c2)c2oc(N3CCOCC3)cc(=O)c2c1,3.246,66.23,457.1813127,No
CC(C)(c1cc(-c2cnc(N)cc2C(F)(F)F)nc(N2CCOCC2)n1)S(C)(=O)=O,2.2559,111.3,445.1395452,No
CCN(CC)C(=O)C1CCCN(Cc2ccc(-c3nnc4n3-c3cccnc3Nc3ccccc3-4)cc2)C1,5.1337,79.18,507.2746587,No
Nc1nc([C@H]2C[C@@H]3CC[C@H](C2)N3C(=O)CO)cn2c(-c3ccc(-c4ccccc4)nc3)cnc12,3.2698,109.64,454.2117241,No
COc1ncc(Nc2nc3ccc(N4CCN(C(=O)N(C)C)CC4)cn3c2-c2nc(C)nc(N)n2)cc1F,2.16682,142.93,521.2411474,No
CC(C)Nc1ccc2cnn(-c3cncc(-c4ccc(C(=O)O)cc4F)n3)c2c1,4.1401,92.93,391.144453,Yes
NC(=O)c1c(N)ncnc1N1CCC(c2nc(-c3cn[nH]c3)cn2CCN2CCC2)CC1,0.834,147.87,436.2447555,No
Nc1ncnc(N2CCC(c3nc(-c4ccc(F)c(C(F)(F)F)c4)cn3CC3CCN3)CC2)c1Cl,4.4795,84.89,509.1717843,No
Nc1ncnc(N2CCC(c3nc(-c4ccc(F)c(Cl)c4)cn3CCN3CCCC3)CC2)c1Br,4.9571,76.1,547.1262119,No
CCc1c(N)ncnc1N1CCC(c2nc(-c3ccc(F)c(C(F)(F)F)c3)cn2CCN)CC1,3.9853,98.88,477.2264067,No
NC[C@H](Cc1ccccc1F)NC(=O)c1cc(Br)c(-c2ccnc3[nH]ccc23)s1,4.4928,83.8,472.0368725,No
Cc1noc(C2CCCN(Cc3ccc(-c4nnc5n4-c4cccnc4Nc4ccccc4-5)cc3)C2)n1,5.12432,97.79,490.2229575,No
COc1ccc(-c2ccc3ncc4c(c3n2)n(C2CCN(C(C)=O)CC2)c(=O)n4C)cn1,2.5372,95.14,432.1909886,No
Cc1cc(-c2cn(CC3CNC3)c(C3CCN(c4ncnc(N)c4C#N)CC3)n2)ccc1F,2.8449,108.68,446.2342711,No
N#Cc1c(N)ncnc1N1CCC(c2nc(-c3ccc(F)c(C(F)(F)F)c3)cn2CCN2CCCC2)CC1,4.43168,99.89,528.2373058,No
CC(=O)Nc1c(N)ncnc1N1CCC(c2nc(-c3ccc(F)c(C(F)(F)F)c3)cn2CCN2CCC2)CC1,4.1283,105.2,546.2478705,No
Cc1nc2c(-c3cnc[nH]3)cc(N3CCOCC3)nn2c1Nc1cccc(C(F)(F)F)c1C,4.33524,83.37,457.183793,No
CC(C)(C)NCCn1cc(-c2ccc(F)c(C(F)(F)F)c2)nc1C1CCN(c2ncnc(N)c2C(N)=O)CC1,3.9512,127.98,548.2635205,No
COc1ccc(-c2ccc3ncc4c(c3n2)n(-c2ccc(C(C)(C)C#N)cc2)c(=O)n4C)cn1,4.14418,98.62,450.1804239,No
COc1ccc(-c2ccc3ncnc(-c4cccc(C(=O)N5CCN(C(C)=O)CC5)c4)c3c2)cn1,3.6717,88.52,467.1957397,No
CCc1c(N)ncnc1N1CCC(c2nc(-c3ccc(F)c(C(F)(F)F)c3)cn2CCN2CCCC2)CC1,5.1224,76.1,531.2733569,No
Cn1c(CC(=O)N2CCc3c(Cl)cccc32)nc(N2CCOCC2)cc1=S,2.77139,50.6,404.1073746,No
NCC(NC(=O)c1ccc(-c2c[nH]c3ncccc23)s1)c1ccccc1,3.7212,83.8,362.1201322,Yes
C[C@@H](NC(=O)C1(N)CCN(c2ncnc3[nH]ccc23)CC1)c1ccc(Cl)cc1,2.7864,99.93,398.162187,No
CO[C@H]1C[C@@H](n2c(=O)n(C)c3cnc4ccc(-c5ccc(OCCCN(C)C)nc5F)cc4c32)C1,3.7697,74.41,479.233268,No
CS(=O)(=O)c1ccc(C(=O)N2CCOc3ccc(-c4ccc5nc[nH]c5c4)cc3C2)cc1,3.6682,92.36,447.1252772,No
COc1ccc(-c2ccc3ncnc(O[C@H]4CCN(C(=O)OC(C)(C)C)C4)c3c2)cc1OC,4.7022,83.01,451.210721,No
CC(Nc1cc(F)cc(F)c1)c1cc(C(=O)N2CCCC2)cc2c(=O)cc(N3CCOCC3)oc12,4.3169,75.02,483.1969628,No
Cc1cc(C(=O)Nc2ccc(-c3nnc4n3-c3cccnc3Nc3ccccc3-4)cc2)no1,4.60202,110.76,435.1443728,No
CC(C)(c1ccc(-c2cnc3[nH]c4cnc(C#N)cc4c3c2)cc1)N1CCCCC1,5.37078,68.6,395.2109958,No
NC(=O)N1Cc2nc(N)nc(-c3c(Cl)cc(Cl)cc3OCCn3cccn3)c2C1,2.7024,125.18,433.0820781,No
Cn1ccc(S(=O)(=O)NCc2ccc(-c3nnc4n3-c3cccnc3Nc3ccccc3-4)cc2)n1,3.2653,119.62,484.1429929,No
NC(=O)[C@@H]1CCCN1C(=O)Nc1nc2c(s1)-c1nc(CC3CC3)sc1CC2,2.7993,101.21,403.1136669,No
CN(C)C1CCN(Cc2cc3nc(-c4cccc5nccn45)nc(N4CCOCC4)c3s2)CC1,3.3686,62.03,477.2310796,No
N#Cc1cc(NC(=O)Cc2nc(N3CCOCC3)cc(=O)[nH]2)ccc1F,0.79848,111.11,357.1237176,No
O=C(NCCN1CCOCC1)c1ccc(Nc2nccc(Nc3ccccc3Cl)n2)cc1,3.6792,91.41,452.1727517,No
CCC(=O)N1CC[C@H](Oc2ncnc3ccc(-c4cnc(OC)c(C#N)c4)cc23)C1,2.96178,101.23,403.1644395,No
COc1nc(NCC#N)nc(-n2c(Nc3cccc(O)c3)nc3ccccc32)n1,2.60378,133.8,388.1396218,No
NC(=O)c1sc(N2CCOCC2)nc1CC(=O)N1CCc2c(F)cccc21,1.3495,88.76,390.1161897,No
O=C(Nc1ccc(-c2nnc3n2-c2cccnc2Nc2ccccc2-3)cc1)c1cc2ccccc2s1,6.5203,84.73,486.1262802,No
C[C@@H]1SCc2ncnc(N3CCN(C(=O)[C@H](N)Cc4ccc(F)c(F)c4)CC3)c21,2.2812,75.35,419.1591378,No
COCCNCCn1cc(-c2ccc(F)c(C(F)(F)F)c2)nc1C1CCN(c2ncnc(N)c2C#N)CC1,3.57188,117.91,532.2322204,No
C[C@@H](Nc1cc(F)cc(F)c1)c1cc(C(=O)N2CCN(C)CC2)cn2c(=O)cc(N3CCOCC3)nc12,2.37,82.42,512.2347453,No
CNC(=O)c1nc(-c2cccc(S(=O)(=O)Nc3cccc(Cl)c3)c2)cnc1N,2.5396,127.07,417.0662381,No
NC(=O)c1sc(N2CCOCC2)nc1CC(=O)N1CCc2c(Cl)cccc21,1.8638,88.76,406.0866391,No
COCCNC(=O)c1cn2c(Cl)c(-c3cnc(N)nc3)nc(N3CCOCC3)c2n1,0.6347,132.79,432.1425142,No
CCCCCCCCCCCCCCCCOP(=O)([O-])OCC[N+](C)(C)C,5.6755,58.59,407.3164456,No
CN(C)CCCOc1ccc(-c2ccc3ncc4c(c3c2)n(C2COC2)c(=O)n4C)c(F)n1,2.9911,74.41,451.2019679,No
Cn1ncc(Cl)c1-c1cc(C(=O)NC2(c3ccc(Cl)c(Cl)c3)CCNCC2)oc1Cl,5.3024,72.09,486.0183865,No
Nc1ncccc1-c1nc2ccc(Nc3ccc(N4CCOCC4)cc3)nc2n1-c1ccc(C2(N)CCC2)cc1,4.9828,120.14,532.2699076,No
CCOc1c(N)ncnc1N1CCC(c2nc(-c3ccc(F)c(C(F)(F)F)c3)cn2CCNC(C)C)CC1,4.8609,94.12,535.2682716,No
Cc1nc(-c2cn3c(n2)-c2ccc(-c4cnn(C5CN(C(=O)[C@H](C)O)C5)c4)cc2OCC3)n(C(C)C)n1,2.71792,116.12,502.2440868,No
CCc1c(N)ncnc1N1CCC(c2nc(-c3ccc(F)c(C(F)(F)F)c3)cn2CCN2CC(F)C2)CC1,4.6803,76.1,535.2482851,No
CC(=O)Nc1cc(Nc2cc(NC3CC3)n3ncc(C#N)c3n2)c(F)cc1C,3.3248,107.14,379.1556864,Yes
O=S(=O)(Cc1cc(N2CCOCC2)nc(-c2ccccn2)n1)c1ccc(F)cc1,2.4882,85.28,414.1161897,No
Cn1cc(-c2ccc(F)c(C(F)(F)F)c2)nc1C1CCN(c2ncnc(N)c2CO)CC1,3.4935,93.09,450.1791222,No
Cc1nc(N)nc2c1cc(-c1cn[nH]c1)c(=O)n2C1CCC1,1.79722,102.48,296.1385591,No
CCN1CCc2cc(-c3cnc4[nH]c5cnc(C#N)cc5c4c3)ccc2C1,4.02778,68.6,353.1640456,No
CCC(C)(C)NCCn1cc(-c2ccc(F)c(C(F)(F)F)c2)nc1C1CCN(c2ncnc(N)c2C#N)CC1,5.11408,108.68,544.2686059,No
CN(C)C(=O)c1cc([C@H]2CCCN2c2cccc(F)c2)c2oc(N3CCOCC3)cc(=O)c2c1,3.812,66.23,465.2063846,No
Cc1cc(F)ccc1C[C@H](N)COc1cncc(-c2cc3c(C)n[nH]c3cn2)c1,3.72464,89.71,391.1808385,Yes
CCc1c(N)ncnc1N1CCC(c2nc(-c3cnc(N(C)C)nc3)cn2CCN2CCC2)CC1,2.4304,105.12,476.3124412,No
COc1ccc(-c2cc3c(C)nc(N)nc3n([C@H]3CC[C@H](OCC(N)=O)CC3)c2=O)cn1,1.73832,148.24,438.2015533,No
CC(=O)Nc1cc(Nc2cc(NC3COC3)n3ncc(C#N)c3n2)ccc1C1CC1,2.99108,116.37,403.1756729,No
Cc1c(C(=O)N2CCOc3ccc(-c4ccc5nc[nH]c5c4)cc3C2)ccc(S(C)(=O)=O)c1F,4.11572,92.36,479.1315054,No
c1ccc(CN2CCN(Cc3ccc(-c4nnc5n4-c4cccnc4Nc4ccccc4-5)cc3)CC2)cc1,5.3711,62.11,499.2484439,No
O=S(=O)(NCCc1ccc(-c2nnc3n2-c2cccnc2Nc2ccccc2-3)cc1)c1ccccc1,4.5743,101.8,494.1524949,No
CC(C)Nc1ccc2cnn(-c3cncc(-c4ccc(C(=O)O)nc4)n3)c2c1,3.396,105.82,374.1491238,Yes
CC(=O)Nc1nc(C)c(-c2cc3c(c(S(N)(=O)=O)c2)C(=O)N([C@@H](C)C2CC2)C3)s1,2.47862,122.46,434.1082472,No
Cc1csc2cc([C@H](C)Nc3ncnc(N)c3C#N)c(-c3cccc(CN(C)CCCN(C)Cc4ccc(Cl)cc4)c3)c(=O)n12,6.3607,115.58,640.2499565,No
CN(C)C(=O)c1cc(CN2CCOc3c(F)cccc32)c2oc(N3CCOCC3)cc(=O)c2c1,2.8695,75.46,467.1856492,No
CS(=O)(=O)N1CCN(Cc2cc3nc(-c4cccc5[nH]ncc45)nc(N4CCOCC4)c3s2)CC1,2.1484,107.55,513.1616797,No
Cc1nc2c(N)cc(N3CCOCC3)nn2c1Cc1cccc(C(F)(F)F)c1C,3.37454,68.68,405.177645,No
Cc1cccc(-c2nc(N3CCOCC3)c3sc(CN4CCC(N(C)C)CC4)cc3n2)c1,4.02932,44.73,451.2405817,No
C[C@H]1COCCN1c1cc(CS(=O)(=O)CCCO)nc(-c2ccc(NC(=O)NC3CC3)cc2)n1,1.9498,133.75,489.2045901,No
CS(=O)(=O)c1ccc(C(=O)N2CCOc3ccc(-c4ccc(N)nc4)cc3C2)cc1,2.7691,102.59,423.1252772,No
O=C(c1nnc[nH]1)N1[C@H]2CC[C@@H]1C[C@@H](c1nc3c(-c4ccc(-c5ncc[nH]5)nc4)cnn3c3[nH]ccc13)C2,3.3316,149.43,505.2087044,No
Cc1nc(N)nc(-c2cc(CN3CCN(S(C)(=O)=O)CC3)cnc2Nc2cncc(F)c2)n1,1.17912,143.12,473.1757702,No
Cn1c(=O)n(C2CNC2)c2c3cc(-c4cnc5[nH]ccc5c4)ccc3ncc21,2.5758,80.53,370.1542092,No
COc1ncc(Nc2ncc([C@H](C)N3CCN(S(C)(=O)=O)CC3)cc2-c2nc(C)nc(N)n2)cc1F,1.74872,152.35,517.201985,No
N=NCc1ccc(-n2nc(C(F)(F)F)cc2-c2ccc3c(ccc4ccccc43)c2)cc1,7.39547,54.03,430.1405312,No
c1ccc2c(c1)Nc1ncccc1-n1c(-c3ccc4ccccc4c3)nnc1-2,5.2065,55.63,361.1327455,No
N#Cc1c(N)ncnc1N1CCC(c2nc(-c3ccoc3)cn2CCN2CCC2)CC1,2.47668,113.03,418.2229575,No
NC1(c2ccc(-n3c(-c4ccccn4)nc4ccc(-c5cccc(N6CCOCC6)c5)nc43)cc2)CCC1,5.324,82.09,502.2481096,No
COCCOc1ccccc1NC(=O)Cc1nc(N2CCOCC2)cc(=O)[nH]1,0.8129,105.78,388.1746699,No
CC(=O)Nc1nc2ccc(-c3cnc(Cl)c(NS(=O)(=O)c4ccc(C(F)(F)F)cc4)c3)cc2s1,5.7897,101.05,526.0147946,No
C[C@H]1COCCN1c1nc(-c2cnc(N)cc2C(F)(F)F)cc(C2(S(C)(=O)=O)CC2)n1,2.3984,111.3,457.1395452,No
CC1Cc2c(ccc(F)c2F)N1C(=S)Cc1nc(N2CCOCC2)c(F)c(=S)[nH]1,3.71419,44.39,440.0952379,No
Nc1nc2ccc(-c3cncc(S(=O)(=O)NCc4ccccc4)c3)cn2n1,1.852,115.27,380.1055448,No
CC(=O)Nc1cc(Nc2cc(NC3CC3)n3ncc(C#N)c3n2)ncc1C,2.5807,120.03,362.1603572,No
N#CCCCOc1cc(Cl)cc(Cl)c1-c1nc(N)nc2c1CN(C(=O)NC1CCC1)C2,4.29288,117.16,460.1181293,No
CCNC(=O)Nc1ccc(-c2nc3c(c(N4C[C@@H]5CC[C@H](C4)O5)n2)CS(=O)(=O)C3)cc1,2.081,113.52,443.1627253,No
OCc1ccc(-c2nnc3n2-c2cccnc2Nc2ccccc2-3)cc1,3.5456,75.86,341.1276601,No
Cc1csc2cc([C@H](C)Nc3ncnc(N)c3C#N)c(-c3ccccc3)c(=O)n12,3.7534,109.1,402.1262802,Yes
CN1CCN(C(=O)c2cc([C@H]3CCCN3c3cc(F)cc(F)c3)c3oc(N4CCOCC4)cc(=O)c3c2)CC1,3.6369,69.47,538.2391619,No
COC(=O)c1ccccc1-c1nc2ccc(-c3cccc(N4CCOCC4)c3)nc2n1-c1ccc(C2(N)CCC2)cc1,5.7156,95.5,559.2583399,No
C=Cc1c(N)ncnc1N1CCC(c2nc(-c3ccc(C(F)(F)F)cc3)cn2CCN2CCCC2)CC1,5.0639,76.1,511.2671287,No
Oc1cccc(Nc2nc3ccccc3n2-c2ncnc(NCC(F)(F)F)n2)c1,3.6339,100.78,401.1211927,Yes
Nc1ncnc(N2CCC(c3nc(-c4ccc(C(F)(F)F)cc4)cn3CCN3CCCC3)CC2)c1Br,5.1834,76.1,563.1619907,No
Cn1ccc(-c2ccc(-c3cnc4c(N)nc([C@H]5C[C@@H]6CC[C@H](C5)N6C(=O)c5nnc[nH]5)cn34)cn2)n1,2.4429,148.8,495.2243544,No
C[C@H]1CN(S(C)(=O)=O)C[C@@H](C)N1Cc1cn2cc(-c3cnc(N)nc3)nc(N3CCOCC3)c2n1,0.4593,135.08,501.2270569,No
CNCc1cccc(Cc2c([C@H](C)Nc3ncnc(N)c3C#N)cc3scc(C)n3c2=O)c1,3.3966,121.13,459.1841294,No
COc1cc(-c2ccc3c(n2)C(C)(C)N(c2cnn(CC(F)(F)F)c2)C3=O)cnc1OC,3.8151,82.37,447.1518242,No
CNC(=O)Nc1ccc(-c2nc(CS(=O)(=O)c3ccncc3)cc(N3CCOC[C@@H]3C)n2)cc1,2.4889,126.41,482.1736243,No
CC1Cc2c(Br)cccc2N1C(=O)Cc1nc(N2CCOCC2)cc(=O)[nH]1,1.8893,78.53,432.0797026,No
O=c1cc(N2CCOCC2)oc2c(-c3ccccc3)csc12,3.3581,42.68,313.0772643,No
O=C(Cc1nc(N2CCOCC2)cc(=O)[nH]1)N1CCOc2ccccc21,0.5746,87.76,356.1484551,No
O=C(NCCc1ccc(Cl)cc1)NC1CCN(Cc2ccc(-c3nnc4n3-c3cccnc3Nc3ccccc3-4)cc2)CC1,6.213,100,604.2465854,No
COc1ccc(-c2cc3c(C)nc(N)nc3n(C3CCCC3)c2=O)cn1,2.86782,95.92,351.1695249,No
CN(C)c1ccc(C(=O)NCc2ccc(-c3nnc4n3-c3cccnc3Nc3ccccc3-4)cc2)cc1,5.0493,87.97,487.2120584,No
COCCCNC(=O)c1cn2cc(-c3cnc(N)nc3)nc(N3CCOCC3)c2n1,0.3714,132.79,412.1971366,No
C=Cc1c(N)ncnc1N1CCC(c2nc(-c3ccc(F)cc3)cn2CCN2CCCC2)CC1,4.1842,76.1,461.2703222,No
Cn1cc(-c2ccc(F)c(C(F)(F)F)c2)nc1C1CCN(c2ncnc(N)c2-c2cncnc2)CC1,4.4582,98.64,498.1903556,No
O=S(=O)(CC1CCCCC1)NC1CCN(Cc2ccc(-c3nnc4n3-c3cccnc3Nc3ccccc3-4)cc2)CC1,5.5174,105.04,583.2729444,No
CC1C(=O)Nc2ccc(-c3cncc(OC[C@@H](N)Cc4c[nH]c5ccccc45)c3)cc21,4.2343,93.03,412.189926,Yes
N[C@H](COc1cncc(-c2ccc3c(c2)C(c2cccs2)C(=O)N3)c1)Cc1c[nH]c2ccccc12,5.3242,93.03,480.161997,No
CC(=O)Nc1cc(Nc2cc(NC3CCC3)n3ncc(C#N)c3n2)c(F)cc1C,3.7149,107.14,393.1713365,Yes
C[C@H]1COCCN1c1nc(-c2ccc(NC(=O)NCCC#N)cc2)nc2c1COC2(C)C,3.16918,112.4,436.2222888,No
COCc1c(-c2ccccn2)c([C@H](C)Nc2ncnc(N)c2C#N)nc2ccc(F)cc12,3.99928,122.63,429.1713365,No
CN(C(=O)c1cc2c(s1)-c1ccc(C(N)=O)cc1OCC2)c1ccccc1Cl,4.3789,72.63,412.0648411,No
[N-]=[N+]=NCCc1ccc(-c2cc(C(F)(F)F)nn2-c2ccc(S(N)(=O)=O)cc2)cc1,4.0583,126.74,436.0929294,No
CNCCn1cc(-c2ccc(F)c(C(F)(F)F)c2)nc1C1CCN(c2ncnc(N)c2C(N)=O)CC1,2.7825,127.98,506.2165703,No
N[C@H](CCc1cnc(Cl)c(/C=C/c2ccncc2)c1)Cc1c[nH]c2ccccc12,5.2843,67.59,402.1611244,No
N[C@H](COc1cncc(-c2cc3cn[nH]c3cc2[N+](=O)[O-])c1)Cc1c[nH]c2ccccc12,3.9632,135.75,428.1596885,No
CCCCCCCCCCCCCCCCCCOC[C@H](COP(=O)(O)O[C@H]1[C@@H](O)[C@@H](O)[C@H](O)C[C@H]1O)OC,4.629,155.14,584.3689347,No
NC1(c2ccc(-c3nc4ccccn4c3-c3ccccc3)cc2)CCC1,5.0062,43.32,339.1735477,No
CC(C)n1ncnc1-c1nc2c(s1)CCOc1cc(-c3cnn(CCO)c3)ccc1-2,3.4402,90.88,422.1524949,No
C[C@@H]1Cc2ccccc2N1C(=O)Cc1nc(N2CCOCC2)cc(=S)[nH]1,2.49609,61.46,370.1463469,No
O=C(Cc1nc(N2CCOCC2)cc(=O)[nH]1)Nc1ccc(F)c([N+](=O)[O-])c1,0.835,130.46,377.1135468,No
Cc1nc(NC(=O)N2CCCC2)sc1-c1ccnc(C(C)(C)C)c1,4.43872,58.12,344.1670824,No
O=C(NCc1ccc(-c2nnc3n2-c2cccnc2Nc2ccccc2-3)cc1)c1ccco1,4.5763,97.87,434.1491238,No
C[C@H](Nc1ncnc(N)c1C#N)c1nc2ccc(F)cc2c(N2CCOCC2)c1-c1ccccn1,3.68948,125.87,470.1978856,No
N#Cc1c(N)ncnc1N1CCC(c2nc(-c3ccccc3F)cn2CCN2CCC2)CC1,3.02278,99.89,446.2342711,No
CS(=O)(=O)NCCC(NC(=O)C1(N)CCN(c2ncnc3[nH]ccc23)CC1)c1ccc(Cl)cc1,1.7058,146.1,505.1662864,No
CO[C@@H]1CC[C@@H](n2c(=O)n(C)c3cnc4ccc(-c5ccc(OCCCN6CCCC6)nc5)cc4c32)C1,4.5549,74.41,501.27399,No
Cn1c(=O)n([C@H]2C[C@@H](O)C2)c2c3cc(-c4ccc(OCCCN5CCCC5)nc4)ccc3ncc21,3.5107,85.41,473.2426899,No
NC(=O)c1sc(N2CCOCC2)nc1CC(=O)N1CCc2ccccc21,1.2104,88.76,372.1256115,No
CCc1nc2ccccc2n1-c1nc(N2CCOCC2)c2sc(CN3CCC(C(C)(C)O)CC3)nc2n1,3.8071,92.43,521.2572944,No
CCOc1c(N)ncnc1N1CCC(c2nc(-c3ccc(F)c(Cl)c3)cn2CCN2CCCC2)CC1,4.5933,85.33,513.2419146,No
Cc1nc(N)nc(-c2cc(CN3CCN(S(C)(=O)=O)CC3)cnc2Nc2ccc(Cl)nc2)n1,1.69342,143.12,489.1462197,No
Cc1nc(NC(=O)N2CCC[C@H]2C(N)=O)sc1-c1ccnc(C2(C#N)CC2)c1,2.5503,125,396.1368449,No
CC(C)NC[C@H](Cc1ccc(Cl)cc1)C(=O)N1CCN(c2ncnc3c2[C@H](C)SC3)CC1,3.9433,61.36,473.2016093,No
NC(=O)c1c(N)ncnc1N1CCC(c2nc(-c3ccc(OC(F)F)cc3)cn2CCN2CCC2)CC1,2.7123,128.42,512.2459786,No
CCNC(=O)Nc1ccc(-c2nc3c(c(N4CCOC[C@@H]4C)n2)[C@H]2CC[C@@H](C3)N2C(C)=O)cc1,3.1182,99.69,464.2535889,No
O=C(Cc1nc(N2CCOCC2)cc(=O)[nH]1)N1c2ccccc2C2CCCC21,1.8319,78.53,380.1848406,No
CCn1c(-c2nonc2N)nc2c(C#CC(C)(C)O)nc(OC[C@@H](C)N)cc21,0.9318,151.13,385.1862376,No
C=C(C)c1c(N)ncnc1N1CCC(c2nc(-c3ccc(F)c(C(F)(F)F)c3)cn2CCN2CCCCC2)CC1,5.9832,76.1,557.289007,No
COc1cc2ncc3c(N)nc(-c4cncc(OC[C@H](N)Cc5cccc(C(F)(F)F)c5)c4)cc3c2cc1OC,5.412,118.4,549.1987744,No
COc1ccc(NC(=O)Nc2ccc(-c3nc(CS(C)(=O)=O)cc(N4CCOC[C@@H]4C)n3)cc2)cc1,3.5659,122.75,511.18894,No
N#Cc1ccc(-c2c(-c3ncn[nH]3)sc(N3CCOCC3)c2C#N)c(F)c1,2.91926,101.62,380.0855583,No
Nc1cc2cc(-c3cncc(OC[C@@H](N)Cc4c[nH]c5ccccc45)c3)ccc2cn1,4.3091,102.84,409.1902604,Yes
O=C(Cc1nc(N2CCOCC2)cc(=O)[nH]1)N1CCc2c(-c3cccnc3)cccc21,1.8003,91.42,417.1800896,No
O=C(Cc1nc(N2CCOCC2)cc(=O)[nH]1)N1CCOc2c(Cl)cccc21,1.228,87.76,390.1094828,No
CC(C)(C)c1ccc(C(=O)Nc2ccc(-c3nnc4n3-c3cccnc3Nc3ccccc3-4)cc2)cc1,6.6031,84.73,486.2168095,No
Nc1cc(CO)c(-c2nc(N3CCOCC3)nc(N3CCOCC3)n2)cn1,-0.3187,122.75,373.1862376,No
N[C@H](COc1cncc(-c2ccc(C(=O)O)cc2)c1)Cc1c[nH]c2ccccc12,3.8769,101.23,387.1582915,Yes
CCNC(=O)Nc1ccc(-c2nc3c(c(N4CCOCC4)n2)CCN(C(=O)c2ccccc2)C3)cc1,3.3201,99.69,486.2379388,No
Nc1nc2ccc(-c3cnc(Cl)c(NS(=O)(=O)c4ccc(F)cc4)c3)cc2s1,4.5338,97.97,434.0074235,No
C[C@H]1COC[C@@H](C)N1c1nc(-c2cnc(N)cc2C(F)F)nc(N2[C@@H](C)COC[C@H]2C)n1,2.6806,102.52,449.2350796,No
COc1cccc(S(=O)(=O)NCc2ccc(-c3nnc4n3-c3cccnc3Nc3ccccc3-4)cc2)c1,4.5404,111.03,510.1474096,No
COc1ccc(-c2ccc3ncnc(O[C@H]4CCN(C(C)=O)C4)c3c2)cc1OC,3.3136,73.78,393.1688562,No
NCc1ccc(-c2nnc3n2-c2cccnc2Nc2ccc(Br)cc2-3)cc1,4.2745,81.65,418.0541566,Yes
CN(C)CC[C@H](NC(=O)C1(N)CCN(c2ncnc3[nH]ccc23)CC1)c1ccc(Cl)cc1,2.7182,103.17,455.2200363,No
C[C@H]1COCCN1c1cc(CS(C)(=O)=O)nc(-c2ccc(NC(=O)NCCO)cc2)n1,1.0271,133.75,449.17329,No
NC1(C(=O)NC(CCCN2CCCCC2)c2ccc(Cl)cc2)CCN(c2ncnc3[nH]ccc23)CC1,4.0326,103.17,509.2669865,No
Cc1cc(C(C)Nc2ccccc2)c2oc(N3CCOCC3)cc(=O)c2c1,4.11112,54.71,364.1786926,No
O=c1cc(N2CCOCC2)nc(Cc2nc3cc(C(F)(F)F)ccc3[nH]2)[nH]1,2.0924,86.9,379.1256094,No
O=c1[nH]c(-c2ccccc2)cn1C1CCN(Cc2ccc(-c3nnc4n3-c3cccnc3Nc3ccccc3-4)cc2)CC1,6.0472,96.66,566.2542576,No
CCCOc1cc(Cl)cc(Cl)c1-c1nc(N)nc2c1CN(C(=O)NC1CCC1)C2,4.3991,93.37,435.1228803,No
NC1(C(=O)NC(CO)c2ccc(Cl)cc2)CCN(c2ncnc3[nH]ccc23)CC1,1.7588,120.16,414.1571017,No
COc1ccc(-c2cc3c(C)nc(N)nc3n([C@H]3CC[C@@H](OCO)CC3)c2=O)cn1,2.20282,125.38,411.1906543,No
Cn1cc(-c2ccc(F)c(C(F)(F)F)c2)nc1C1CCN(c2ncnc(N)c2-c2ccc(F)cc2)CC1,5.8073,72.86,514.1904358,No
C=Cc1c(N)ncnc1N1CCC(c2nc(-c3cccc(F)c3)cn2CCN2CCCC2)CC1,4.1842,76.1,461.2703222,No
CCNC(=O)Nc1ccc(-c2nc(N3CCOC[C@@H]3CC)c3c(ncn3C)n2)cc1,2.7869,97.2,409.2226231,No
CO[C@H]1CC[C@H](N2CC(=O)Nc3ncc(-c4ccc(-c5nc[nH]n5)nc4C)nc32)CC1,2.34822,121.81,420.202222,No
C[C@@H](O)CNC(=O)c1cccc(-c2ccc3nc(-c4cccnc4N)n(-c4ccc(C5(N)CCC5)cc4)c3n2)c1,4.1802,144.97,533.2539232,No
CC(C)NC[C@H](Cc1ccc(Cl)cc1)C(=O)N1CCN(c2ncnc3c2[C@H](C)OC3)CC1,3.2267,70.59,457.2244529,No
Cn1cc(-c2ccc(F)c(C(F)(F)F)c2)nc1C1CCN(c2ncnc(N)c2-c2cccc(C#N)c2)CC1,5.53988,96.65,521.1951066,No
COc1ccc(-c2ccc3c(N4CCOC[C@@H]4C)nc(N4CCOC[C@@H]4C)nc3n2)cc1C(N)=O,2.2495,115.93,478.2328534,No
Fc1cccc(F)c1-c1nnc2n1-c1cccnc1Nc1ccccc1-2,4.3315,55.63,347.0982518,No
O=C(c1cc(C2CCCN2c2ccc(F)cc2)c2oc(N3CCOCC3)cc(=O)c2c1)N1CCOCC1,3.5826,75.46,507.2169493,No
CC(C(=O)N1CCc2c(F)cccc21)c1nc(N2CCOCC2)c(F)c(=O)n1C,1.5879,67.67,404.165997,No
CC(=O)Nc1nc(C)c(-c2cnc(C(C)(C)O)o2)s1,2.29232,88.25,281.0834123,No
NC(=O)c1cnc(-c2ccc(C3(N)CCC3)cc2)c(-c2ccccc2)c1,3.8524,82,343.1684623,Yes
NC1(C(=O)NC(CCCN2CCOCC2)c2ccc(Cl)cc2)CCN(c2ncnc3[nH]ccc23)CC1,2.8789,112.4,511.246251,No
Cc1ccc(S(=O)(=O)NC2(c3ccc(-c4nnc5n4-c4cccnc4Nc4ccccc4-5)cc3)CCC2)cc1,5.71942,101.8,534.1837951,No
C[C@H]1COCCN1c1cc(CS(C)(=O)=O)nc(-c2ccc(NC(=O)Nc3ccc(F)cc3)cc2)n1,3.6964,113.52,499.1689535,No
Cc1n[nH]c2cnc(-c3cncc(OC[C@@H](N)Cc4ccc(Br)cc4)c3)cc12,4.03962,89.71,437.0851224,No
C[C@H]1COCCN1c1cc(CS(C)(=O)=O)nc(-c2ccc(NC(=O)Nc3ccccc3)cc2)n1,3.5573,113.52,481.1783753,No
CCC[C@H]1O[C@@H]2CC(=O)O[C@@H]2C2=C1C(=O)c1ccccc1C2=O,2.2452,69.67,312.0997736,No
CS(=O)(=O)c1ccc(C(=O)N2CCOc3ccc(-c4ccc5nc[nH]c5c4)cc3C2)c(Br)c1,4.4307,92.36,525.0357892,No
Cc1nc(N)nc(-c2c(Nc3cc[nH]n3)nc3ccc(-c4cccc(F)c4)cn23)n1,3.34972,122.7,401.1512697,No
FC(F)(F)c1cc(Br)ncc1-c1nc(N2CCOCC2)nc(N2CCOCC2)n1,2.3881,76.5,474.0626706,No
C[C@H]1C[C@@H](C)CN(Cc2ccc(-c3cnc4[nH]c5cnc(C#N)cc5c4c3)cc2)C1,5.12768,68.6,395.2109958,No
C[C@H]1Cc2ccccc2N1C(=O)Cc1nc(N2CCOCC2)cc(=O)[nH]1,1.1268,78.53,354.1691906,No
OCc1cc2c(cn1)[nH]c1ncc(-c3ccc(CN4CCCCC4)cc3)cc12,4.2563,65.04,372.1950114,No
CO[C@H]1C[C@@H](n2c(=O)[nH]c3cnc4ccc(-c5ccc(OCCCN(C)C)nc5)cc4c32)C1,3.6202,85.27,447.2270398,No
COCCNCCn1cc(-c2ccc(F)c(C(F)(F)F)c2)nc1C1CCN(c2ncnc(N)c2C(N)=O)CC1,2.7991,137.21,550.2427851,No
CC(=O)N[C@@H](CCCNC(=N)N)C(=O)Nc1ccc(C(=O)N[C@H](C(=O)N[C@@H](Cc2ccccc2)C(=O)NCc2ccccc2)C(C)C)cc1,2.19137,207.4,670.3591166,No
CCc1c(N)ncnc1N1CCC(c2nc(-c3ccc(F)c(C)c3)cn2CCN2CCCC2)CC1,4.41202,76.1,477.3016224,No
CN(C)CCN(C)CCn1cc(-c2ccc(F)c(C(F)(F)F)c2)nc1C1CCN(c2ncnc(N)c2C(N)=O)CC1,3.0565,122.43,577.2900696,No
N#Cc1ncc(OC[C@@H](N)Cc2c[nH]c3ccccc23)cc1-c1ccc2cnccc2c1,4.59858,100.61,419.1746103,Yes
CCc1ccc(OC(C)=O)c(Cc2cc(CCCl)ccc2OC(C)=O)c1,4.4717,52.6,374.1284869,No
Nc1ncccc1-c1nc2cc(Br)cnc2n1-c1ccc(CNC(=O)c2ccccc2)cc1,4.7572,98.72,498.0803713,No
NC(=O)c1cn2cc(-c3cnc(N)nc3)nc(N3CCOCC3)c2n1,-0.296,137.55,340.1396218,No
CNC(=O)c1nc(-c2ccc(Cl)c(S(=O)(=O)Nc3cccc(OC)c3)c2)cnc1N,2.5482,136.3,447.0768027,No
Nc1ncccc1-c1nc2cc(-c3cccnc3)cnc2n1-c1ccc(CNC(=O)c2ccccc2)cc1,5.0567,111.61,497.1964084,No
CC(=O)N1CCC(n2c(=O)n(C)c3cnc4ccc(-c5cnc6[nH]ncc6c5)nc4c32)CC1,2.4049,114.59,442.1865719,No
NC1(c2ccc(-c3ncc4cccnc4c3-c3ccccc3)cc2)CCC1,5.3017,51.8,351.1735477,No
CCn1nc(C2CCN(C(=O)CC(=O)O)CC2)nc1-c1cnc(N)c(-c2nnc(C(C)(C)C)o2)n1,1.8654,179.04,483.2342504,No
C[C@@H]1SCc2ncnc(N3CCN(C(=O)C(Cc4ccc(Cl)c(F)c4)CC(C)(C)N)CC3)c21,4.2118,75.35,491.1921875,No
C[C@@H]1CN(c2cc(=O)c3cc(C(=O)N(C)C)cc(CN4CCOc5c(F)cccc54)c3o2)CCO1,3.258,75.46,481.2012992,No
Cc1ccc(-c2ccc3ncc4c(c3n2)n(C2CCN(C(=O)C(C)(C)O)CC2)c(=O)n4C)cn1,2.58802,106.14,460.2222888,No
CN(C)C(=O)c1cc(CN2CCOc3ccccc32)c2oc(N3CCOCC3)cc(=O)c2c1,2.7304,75.46,449.195071,No
CC(C)n1ncnc1-c1cn2c(n1)-c1ccc(-c3cnn(CC(C)(C)O)c3)cc1OCC2,3.4163,95.81,433.2226231,No
COc1ncc(-c2cc3c(C)nc(N)nc3n([C@H]3CC[C@@H](OCC(N)=O)CC3)c2=O)cc1F,1.87742,148.24,456.1921315,No
CCC[C@H](NC(=O)[C@H](CCCNC(=N)N)NC(=O)CN(CCN)C(=O)[C@@H](N)CCCNC(=N)N)C(=O)N[C@@H](Cc1ccc(O)cc1)C(=O)N[C@@H](CN)C(=O)N[C@@H](CCC(C)C)C(=O)N(CCCCN)CC(N)=O,-4.75236,477.32,1032.666866,No
CCNC(=O)Nc1ccc(-c2nc3c(c(N4CCOCC4)n2)CCN(S(C)(=O)=O)C3)cc1,1.4393,116.76,460.1892744,No
CCOc1c(N)ncnc1N1CCC(c2nc(-c3ccc(F)c(C)c3)cn2CCO)CC1,3.14482,102.32,440.2336024,No
[C-]#[N+]c1cccc(C(=O)N2CCN(Cc3ccc(-c4nnc5n4-c4cccnc4Nc4ccccc4-5)cc3)CC2)c1,5.56209,83.54,538.2229575,No
N[C@H](COc1cncc(-c2ccc3c(c2)C(c2cccnc2)C(=O)N3)c1)Cc1c[nH]c2ccccc12,4.6577,105.92,475.200825,No
Cc1nc(N)c(-c2nc(C(=O)NCCN(C)C)nn2C)nc1-c1cnn2ccccc12,0.76882,132.15,420.2134554,No
O=C(Nc1ccc(F)cc1)C(F)(F)c1nc(N2CCOCC2)cc(=O)[nH]1,1.4761,87.32,368.109625,No
COc1ccc2nc3[nH]nc(C)c3c(OC)c2c1,2.43672,60.03,243.1007767,No
Cc1c(-c2ccccn2)nc2cc(F)ccc2c1N1CC(C)(C)c2ccc(N3CCOCC3)cc21,6.01022,41.49,468.2325398,No
C[C@H]1COCCN1c1cc(CS(C)(=O)=O)nc(-c2ccc(NC(=O)Nc3cnn(C)c3)cc2)n1,2.2908,131.34,485.1845233,No
N[C@H](COc1cncc(-c2ccc3[nH]nc(Cl)c3c2)c1)Cc1c[nH]c2ccccc12,4.7084,92.61,417.1356379,Yes
CC(=O)Nc1nc(C)c(-c2cc(Cl)c3c(c2)CN([C@H](C)C2CC2)C3=O)s1,4.48462,62.3,389.0964756,No
CN(C)CCCOc1ccc(-c2cc3c(cc2F)ncc2c3n([C@H]3CCCOC3)c(=O)n2C)cn1,3.7713,74.41,479.233268,No
O=C(Cc1nc(N2CCOCC2)cc(=O)[nH]1)Nc1ccc(F)c(CO)c1,0.4191,107.55,362.1390333,No
CCCCCCCCCCCCC[C@@]1(C(=O)OCC)CCC[C@H]1OP(=O)([O-])OCC[N+](C)(C)C,5.9973,84.89,505.353225,No
CN(C)CCn1cc(-c2ccc(F)c(C(F)(F)F)c2)nc1C1CCN(c2ncnc(N)c2-c2ccc(F)cc2)CC1,5.8319,76.1,571.2482851,No
NC(=O)c1c(N)ncnc1N1CCC(c2nc(-c3ccc(F)c(C(F)(F)F)c3)cn2C2CCNCC2)CC1,3.4876,127.98,532.2322204,No
COc1ncc(-c2ccc3nccc(=O)n3c2)cc1NS(=O)(=O)c1ccc(F)cc1,2.705,102.66,426.0798042,No
CCn1nnc2c(N3CCOCC3)nc(-c3ccc(NC(=O)Nc4ccc(C(=O)NCCN(C)C)cc4)cc3)nc21,2.6802,142.43,558.2815349,No
c1cnc(-c2cc3c(cn2)[nH]c2ncc(-c4ccc(CN5CCCCC5)cc4)cc23)cn1,5.221,70.59,420.2062448,No
Cc1csc2cc([C@H](C)Nc3ncnc(N)c3C#N)c(-c3cccc(CN4CCC(N(C)CCC(F)(F)F)CC4)c3)c(=O)n12,5.602,115.58,624.2606634,No
CNc1nc(-c2ccc3c(N)n[nH]c3c2)cc(N2C[C@@H](C(=O)NC3CCCCC3)CC[C@H]2C)n1,3.6976,124.85,462.2855577,No
CCC[C@H]1O[C@@H]2CC(=O)O[C@@H]2C2=C1C(=O)c1c(O)cccc1C2=O,1.9508,89.9,328.0946882,No
Nc1ncnc(N2CCC(c3nc(-c4ccc(F)c(C(F)(F)F)c4)cn3CCN3CCC3)CC2)c1C=O,3.9824,93.17,517.2213214,No
CCS(=O)(=O)C(C)(C)c1cc(-c2cnc(N)cc2C(F)(F)F)nc(N2CCOCC2)n1,2.646,111.3,459.1551953,No
CCn1c(-c2nonc2N)nc2c(C#CC(C)(C)O)ncc(OC3CCNCC3)c21.O=C(O)C(F)(F)F,1.9699,174.44,525.1947516,No
CCc1c(N)ncnc1N1CCC(c2nc(-c3ccc(C(F)(F)F)c(F)c3)cn2CCN2CCCC(F)(F)C2)CC1,5.7577,76.1,581.2701634,No
Cn1cc(-c2ccc(F)c(C(F)(F)F)c2)nc1C1CCN(c2ncnc(N)c2-c2ccncc2)CC1,5.0632,85.75,497.1951066,No
CC(Nc1ccc(Cl)cc1)c1cc(C(=O)NCCN(C)C)cn2c(=O)cc(N3CCOCC3)nc12,2.649,91.21,498.2146165,No
COc1cc(NC(=O)Cc2nc(N3CCOCC3)cc(=O)n2C)ccc1F,0.9458,85.69,376.1546834,No
O=C(c1ccccc1F)N1CCN(Cc2ccc(-c3nnc4n3-c3cccnc3Nc3ccccc3-4)cc2)CC1,5.1504,79.18,531.2182867,No
CCCCCCCCCCCCc1ccc(S(=O)(=O)Nc2nncs2)cc1,5.8023,71.95,409.1857692,No
CC(C)(C)c1nc2c(s1)CCc1nc(NC(=O)N3CCC[C@H]3C(N)=O)sc1-2,3.1443,101.21,405.129317,Yes
Nc1ncnc(N2CCC(c3nc(-c4ccc(F)c(C(F)(F)F)c4)cn3CCN3CCCCC3)CC2)c1-c1ccccc1F,6.7562,76.1,611.2795852,No
N[C@H](COc1cncc(-c2ccc3c(c2)CC(=O)N3)c1)Cc1ccccc1,3.192,77.24,359.1633769,No
Cc1nc(-c2nc[nH]n2)ccc1-c1cnc2c(n1)N(CC1CCOCC1)C(=O)CN2,1.81722,121.81,406.1865719,No
O=c1ccnc2ccc(-c3cnc(Cl)c(NS(=O)(=O)c4ccccc4F)c3)cn12,3.3498,93.43,430.0302671,No
CCCN1CCCCC1c1cccc2c1CCN2C(=O)Cc1nc(N2CCOCC2)cc(=O)[nH]1,2.6753,81.77,465.27399,No
Nc1ncnc(N2CCC(c3nc(-c4ccnc(C(F)(F)F)c4)cn3CCN3CCC3)CC2)c1Cl,4.0792,88.99,506.1921052,No
O=C1C[C@H]2OC3(CCCC3)C3=C(C(=O)c4ccccc4C3=O)[C@H]2O1,2.3893,69.67,324.0997736,No
NC(=O)c1ccc(-n2nc(C(F)(F)F)cc2-c2ccc3c(ccc4ccccc43)c2)cc1,5.9634,60.91,431.1245468,No
C[C@H]1COCCN1c1cc(C2(S(C)(=O)=O)CCC2)nc(-c2ccc(NC(=O)NCCO)cc2)n1,1.9063,133.75,489.2045901,No
CC1(C)O[C@@H]2CC(=O)O[C@@H]2C2=C1C(=O)c1ccccc1C2=O,1.8551,69.67,298.0841235,No
CC1CN(c2cc(=O)[nH]c(CC(=O)N3CCc4c(F)cccc43)n2)CCO1,1.2659,78.53,372.1597688,No
COCCN(C)C(=O)c1cc(C(C)Nc2cc(F)cc(F)c2)c2oc(N3CCOCC3)cc(=O)c2c1,3.7993,84.25,501.2075275,No
O=C(Cc1nc(N2CCOCC2)cc(=O)[nH]1)N1CCc2ccccc21,0.7383,78.53,340.1535405,No
Nc1ncnc(N2CCC(c3nc(-c4ccc(F)c(C(F)(F)F)c4)cn3CCN3CCCC3)CC2)c1C(=O)O,4.2582,113.4,547.231886,No
O=S(=O)(Nc1cc(-c2ccc3ncc(NCCN4CCCCC4)nc3c2)cnc1Cl)c1ccc(F)cc1,5.1829,100.11,540.151051,No
CCN(CC)n1c(=O)c(-c2cn[nH]c2)cc2c(C)nc(N)nc21,1.05002,105.72,313.1651082,No
CCn1c(-c2nonc2N)nc2c(C#CC(C)(C)O)ncc(OCCCNCCc3ccc(OC)cc3)c21,2.8156,146.37,519.2594025,No
CC(C)n1nc(N)nc1-c1nc2c(s1)CCOc1cc(-c3cnn(CCO)c3)ccc1-2,3.0224,116.9,437.163394,No
N[C@H](COc1cncc(-c2cc3c(Cl)n[nH]c3cn2)c1)Cc1ccccc1,3.6221,89.71,379.1199879,Yes
NC(=O)C1Cc2ccccc2N1C(=O)Cc1nc(N2CCOCC2)cc(=O)[nH]1,-0.4078,121.62,383.1593542,No
Cc1c(-c2ccccn2)nc2cc(F)ccc2c1N1CC2(CCOCC2)c2ncc(N3CCOCC3)cc21,5.17582,63.61,511.2383534,No
O=C(Cc1nc(N2CCOCC2)cc(=O)[nH]1)Nc1cccnc1,0.1827,100.21,315.1331394,No
COCCN(C)CCn1cc(-c2ccc(F)c(C(F)(F)F)c2)nc1C1CCN(c2ncnc(N)c2C(N)=O)CC1,3.1413,128.42,564.2584351,No
C[C@H](Nc1ncnc2[nH]cc(F)c12)c1nn2cccc2c(=O)n1-c1ccccc1,3.0687,92.9,389.1400364,Yes
COCCNS(=O)(=O)c1cc(-c2sc(NC(C)=O)nc2C)cc2c1C(=O)N([C@@H](C)C1CC1)C2,2.75592,117.7,492.150112,No
CCc1c(N)ncnc1N1CCC(c2nc(-c3cncc(C)c3)cn2CCN2CCC2)CC1,3.27782,88.99,446.2906431,No
CC(C)Cn1ncnc1-c1cc2c(s1)-c1ccc(C(N)=O)cc1OCC2,3.3634,83.03,368.1306969,Yes
CCNC(=O)Nc1ccc(-c2nc(N3CCOC[C@@H]3C)c3c(n2)C(C)(C)OC3)cc1,3.2754,88.61,411.2270398,Yes
Cc1cc(-c2cn(CCN(C)C(C)C)c(C3CCN(c4ncnc(N)c4C(N)=O)CC3)n2)ccc1F,3.19292,119.19,494.291786,No
NC1(C(=O)N[C@@H](CCN2CCCCC2)c2ccc(Cl)cc2)CCN(c2ncnc3[nH]ccc23)CC1,3.6425,103.17,495.2513364,No
Cn1c(CN2CCC(C(C)(C)O)CC2)nc2c(N3CCOCC3)nc(-n3c(C4CC4)nc4ccccc43)nc21,3.3991,97.36,530.3117725,No
CN1CCN(c2ccc(-c3cnc4[nH]c5cnc(C(=O)O)cc5c4c3)cc2)CC1,3.2281,85.35,387.1695249,Yes
COCCOc1cc(F)ccc1NC(=O)Cc1nc(N2CCOCC2)cc(=O)[nH]1,0.952,105.78,406.1652481,No
O=C(Cc1nc(N2CCOCC2)cc(=O)[nH]1)N1CCc2c(F)cc(F)cc21,1.0165,78.53,376.1346969,No
Cc1nccc(-n2c(Nc3cccc(O)c3)nc3ccccc32)n1,3.57312,75.86,317.1276601,No
CCN(c1nccc(-c2ccc3nc(NC(C)=O)sc3c2)n1)S(=O)(=O)c1ccc(OC)cc1,3.9355,114.38,483.1034962,No
Nc1nccnc1-c1nc2ccc(-c3ccccc3)nc2n1-c1ccc(C2(N)CCC2)cc1,4.4646,108.53,433.2014937,No
O=C(Cc1nc(N2CCOCC2)cc(=O)[nH]1)N1CCc2c(OC(F)F)cccc21,1.3397,87.76,406.1452616,No
CCc1c(N)ncnc1N1CCC(c2nc(-c3ccc(F)c(C(F)(F)F)c3)cn2C2CCNCC2)CC1,4.9511,84.89,517.2577069,No
CS(=O)(=O)N1CCN(Cc2cn3cc(-c4cnc(N)nc4)nc(N4CCOCC4)c3n2)CC1,-0.3177,135.08,473.1957567,No
CCNC(=O)Nc1ccc(-c2nc3c(c(N4CCOC[C@@H]4C)n2)[C@@H]2CC[C@H](C3)N2C)cc1,3.2015,82.62,436.2586743,No
O=C1C[C@H]2OCC3=C(C(=O)c4ccccc4C3=O)[C@H]2O1,1.0765,69.67,270.0528234,No
Cc1cc(-c2cn(CCNC3CC3)c(C3CCN(c4ncnc(N)c4-c4cn[nH]c4)CC3)n2)ccc1F,3.89592,113.57,501.2764702,No
Cc1cc(C)cc(C(=O)NC(=S)Nc2cc(-c3ccccc3)ccc2O)c1,4.80284,61.36,376.1245489,No
COCCS(=O)(=O)Nc1cc(-c2sc(NC(C)=O)nc2C)cc2c1C(=O)N([C@@H](C)C1CC1)C2,3.21932,117.7,492.150112,No
Cc1csc2cc([C@H](C)Nc3ncnc(N)c3C#N)c(Cc3cccc(CN(C)C)c3)c(=O)n12,3.7388,112.34,473.1997795,No
Cn1c(=O)n(C2CCOCC2)c2c3cc(-c4ccc(OCCCN5CCCC5)nc4)ccc3ncc21,4.1664,74.41,487.2583399,No
CO[C@H]1C[C@@H](n2c(=O)n(C)c3cnc4ccc(-c5ccc(OCCCN6CCCC6)nc5)cc4c32)C1,4.1648,74.41,487.2583399,No
CC(C)(O)c1ccc(-c2cnc3c(n2)N(CC2CCOCC2)CC(=O)N3)cn1,1.9511,100.47,383.1957397,No
CCc1c(N)ncnc1N1CCC(c2nc(-c3ccc(F)c(C)c3)cn2CC2CN(C)C2)CC1,3.87782,76.1,463.2859723,No
Nc1nc2c(c(-c3c(Cl)cc(Cl)cc3OCCCC(F)(F)F)n1)CN(C(=O)NC1CCC1)C2,5.3316,93.37,503.110265,No
CC(Nc1cccc(F)c1)c1cc(C(=O)N(C)C)cn2c(=O)cc(N3CCOCC3)nc12,2.5451,79.18,439.2019679,No
O=c1[nH]c2ncc(-c3ccc(-c4ncc[nH]4)cc3)nc2n1CC1CCOCC1,2.6033,101.48,376.1647739,No
C[C@@H]1SCc2ncnc(N3CCN(C(=O)C(Cc4ccc(Cl)c(F)c4)CC4(N)CC4)CC3)c21,3.9658,75.35,489.1765374,No
Nc1ncnc(N2CCC(c3nc(-c4ccc(C(F)(F)F)c(F)c4)cn3CCN3CCCC3)CC2)c1C1CCC1,5.8275,76.1,557.289007,No
CN(CCc1ccccc1)Cc1ccc(-c2nnc3n2-c2cccnc2Nc2ccccc2-3)cc1,5.7278,58.87,458.2218948,No
CC(=O)Nc1cc(Nc2cc(NC3COC3)n3ncc(C#N)c3n2)c(F)cc1C,2.5612,116.37,395.150601,No
C=C(C)c1c(N)ncnc1N1CCC(c2nc(-c3ccc(F)c(C(F)(F)F)c3)cn2CCN(C)C)CC1,5.0589,76.1,517.2577069,No
CC(C)(O)C1CCN(Cc2ccc3nc(-c4cnc(N)nc4)nc(N4CCOCC4)c3n2)CC1,1.8835,126.41,464.2648223,No
CC(C)NCCn1cc(-c2ccc(F)c(C(F)(F)F)c2)nc1C1CCN(c2ncnc(N)c2C#N)CC1,4.33388,108.68,516.2373058,No
CCCCc1ccc(-c2ccc(-c3cc(C(F)(F)F)nn3-c3ccc(S(N)(=O)=O)cc3)cc2)cc1,6.2151,77.98,499.1541327,No
O=S(=O)(Nc1cc(-c2ccc3ncncc3c2)cnc1Cl)c1ccc(F)cc1,4.2851,84.84,414.0353525,Yes
CC(=O)Nc1nc(C)c(-c2cc(Cl)c3c(c2)CN([C@@H](C)C2CC2)C3=O)s1,4.48462,62.3,389.0964756,No
Cc1cc(-c2cn(CCO)c(C3CCN(c4ncnc(N)c4C#N)CC3)n2)ccc1F,2.6178,116.88,421.2026366,No
CNc1nc2ccccc2n1-c1nc(N2CCOC[C@H]2C)cc(C2([S@](C)(=N)=O)CC2)n1,2.74797,109.02,441.1946941,No
Nc1ncnc(N2CCC(c3nc(-c4ccc(F)c(C(F)(F)F)c4)cn3CCN3CCCC3)CC2)c1C=O,4.3725,93.17,531.2369714,No
CN1CCN(c2ccc(-c3cncc(-c4ccc(-c5nnn[nH]5)cc4)n3)cc2)CC1,2.7425,86.72,398.1967427,No
CS(=O)(=O)N1CCN(Cc2cn3c(Cl)c(-c4cnc(N)nc4)nc(N4CCOCC4)c3n2)CC1,0.3357,135.08,507.1567844,No
